Workbook

Sheet README
A1: Brisbane tree maintenance register
A2: Built 2026-10-28 by build_workbook.py from Brisbane City Council open data.
A4: How the sheets link
A5: Tree_Register: one row per tree, keyed by Tree_ID (e.g. SHW-0661). Columns A–N are Council data; green columns O–V are formulas that summarise that tree's rows in the two log sheets.
A6: Health_Assessments: one row per inspection. Enter the Tree_ID; pick Condition, Issue_Type, Risk_Rating and Recommended_Outcome from the dropdowns.
A7: Maintenance_Log: one row per job. Enter the Tree_ID (and Assessment_ID if the job came from an inspection). Required_Clearance_m fills in from Clearance_Context.
A8: Protected_Areas: every Natural Assets Local Law protected-vegetation polygon and Significant landscape tree overlay site, with its centroid. Register column M lists the protected areas each tree falls in.
A9: Lookups: dropdown values. Outcomes, request reasons and clearances come from Council's pages; the condition and risk scales are placeholders (see the cell comments).
A11: What to edit
A12: Yellow cells in Health_Assessments and Maintenance_Log are for your entries (any row down to 5001 works; only the first 50 are shaded). Green cells are formulas: don't type over them.
A13: Grey italic row 2 in each log is an example showing the format. Replace or delete it.
A14: To add trees you survey yourself, add rows to Tree_Register with your own Tree_ID prefix and copy the green formulas down.
... A22: Re-run: python3 build_workbook.py brisbane_tree_maintenance.xlsx. This replaces the whole file, including both logs, so copy your log rows out first and paste them back afterwards.

Sheet Tree_Register
A1: Tree_ID | B1: Source | C1: Source_Tree_ID | D1: Latitude | E1: Longitude | F1: Scientific_Name | G1: Common_Name | H1: Family | I1: Height_m | J1: Crown_Width_m | K1: DBH_mm | L1: Year_Established | M1: Protected_Vegetation_Areas | N1: In_Significant_Landscape_Tree_Overlay | O1: Assessments | P1: Last_Assessed | Q1: Latest_Condition | R1: Latest_Risk | S1: Latest_Recommended_Outcome | T1: Maintenance_Jobs | U1: Last_Maintenance | V1: Open_Jobs
A2: SHW-0001 | B2: Sherwood Arboretum | C2: 1 | D2: -27.529198 | E2: 152.97359 | F2: Agathis robusta | G2: Queensland kauri pine | H2: Araucariaceae | I2: 26 | J2: 20 | K2: 890 | L2: 1925 | M2: NALL-CV-2257, NALL-SNV-881, NALL-WWV-2529 | N2: No | O2: =COUNTIF(Health_Assessments!$B$2:$B$5001,A2) -> 0 | P2: =IF(O2=0,"",_xlfn.MAXIFS(Health_Assessments!$C$2:$C$5001,Health_Assessments!$B$2:$B$5001,A2)) | Q2: =IF(O2=0,"",LOOKUP(2,1/((Health_Assessments!$B$2:$B$5001=A2)*(Health_Assessments!$C$2:$C$5001=P2)),Health_Assessments!$E$2:$E$5001)) | R2: =IF(O2=0,"",LOOKUP(2,1/((Health_Assessments!$B$2:$B$5001=A2)*(Health_Assessments!$C$2:$C$5001=P2)),Health_Assessments!$G$2:$G$5001)) | S2: =IF(O2=0,"",LOOKUP(2,1/((Health_Assessments!$B$2:$B$5001=A2)*(Health_Assessments!$C$2:$C$5001=P2)),Health_Assessments!$H$2:$H$5001)) | T2: =COUNTIF(Maintenance_Log!$B$2:$B$5001,A2) -> 0 | U2: =IF(T2=0,"",_xlfn.MAXIFS(Maintenance_Log!$D$2:$D$5001,Maintenance_Log!$B$2:$B$5001,A2)) | V2: =COUNTIFS(Maintenance_Log!$B$2:$B$5001,A2,Maintenance_Log!$H$2:$H$5001,"<>Completed",Maintenance_Log!$H$2:$H$5001,"<>Cancelled") -> 0
A3: SHW-0002 | B3: Sherwood Arboretum | C3: 2 | D3: -27.529221 | E3: 152.97346 | F3: Agathis robusta | G3: Queensland kauri pine | H3: Araucariaceae | I3: 26 | J3: 14 | K3: 780 | L3: 1925 | M3: NALL-CV-2257, NALL-SNV-881, NALL-WWV-2529 | N3: No | O3: =COUNTIF(Health_Assessments!$B$2:$B$5001,A3) -> 0 | P3: =IF(O3=0,"",_xlfn.MAXIFS(Health_Assessments!$C$2:$C$5001,Health_Assessments!$B$2:$B$5001,A3)) | Q3: =IF(O3=0,"",LOOKUP(2,1/((Health_Assessments!$B$2:$B$5001=A3)*(Health_Assessments!$C$2:$C$5001=P3)),Health_Assessments!$E$2:$E$5001)) | R3: =IF(O3=0,"",LOOKUP(2,1/((Health_Assessments!$B$2:$B$5001=A3)*(Health_Assessments!$C$2:$C$5001=P3)),Health_Assessments!$G$2:$G$5001)) | S3: =IF(O3=0,"",LOOKUP(2,1/((Health_Assessments!$B$2:$B$5001=A3)*(Health_Assessments!$C$2:$C$5001=P3)),Health_Assessments!$H$2:$H$5001)) | T3: =COUNTIF(Maintenance_Log!$B$2:$B$5001,A3) -> 0 | U3: =IF(T3=0,"",_xlfn.MAXIFS(Maintenance_Log!$D$2:$D$5001,Maintenance_Log!$B$2:$B$5001,A3)) | V3: =COUNTIFS(Maintenance_Log!$B$2:$B$5001,A3,Maintenance_Log!$H$2:$H$5001,"<>Completed",Maintenance_Log!$H$2:$H$5001,"<>Cancelled") -> 0
A4: SHW-0003 | B4: Sherwood Arboretum | C4: 3 | D4: -27.529305 | E4: 152.9736 | F4: Agathis robusta | G4: Queensland kauri pine | H4: Araucariaceae | I4: 27 | J4: 11 | K4: 570 | L4: 1925 | M4: NALL-CV-2257, NALL-SNV-881, NALL-WWV-2529 | N4: No | O4: =COUNTIF(Health_Assessments!$B$2:$B$5001,A4) -> 0 | P4: =IF(O4=0,"",_xlfn.MAXIFS(Health_Assessments!$C$2:$C$5001,Health_Assessments!$B$2:$B$5001,A4)) | Q4: =IF(O4=0,"",LOOKUP(2,1/((Health_Assessments!$B$2:$B$5001=A4)*(Health_Assessments!$C$2:$C$5001=P4)),Health_Assessments!$E$2:$E$5001)) | R4: =IF(O4=0,"",LOOKUP(2,1/((Health_Assessments!$B$2:$B$5001=A4)*(Health_Assessments!$C$2:$C$5001=P4)),Health_Assessments!$G$2:$G$5001)) | S4: =IF(O4=0,"",LOOKUP(2,1/((Health_Assessments!$B$2:$B$5001=A4)*(Health_Assessments!$C$2:$C$5001=P4)),Health_Assessments!$H$2:$H$5001)) | T4: =COUNTIF(Maintenance_Log!$B$2:$B$5001,A4) -> 0 | U4: =IF(T4=0,"",_xlfn.MAXIFS(Maintenance_Log!$D$2:$D$5001,Maintenance_Log!$B$2:$B$5001,A4)) | V4: =COUNTIFS(Maintenance_Log!$B$2:$B$5001,A4,Maintenance_Log!$H$2:$H$5001,"<>Completed",Maintenance_Log!$H$2:$H$5001,"<>Cancelled") -> 0
A5: SHW-0004 | B5: Sherwood Arboretum | C5: 4 | D5: -27.529327 | E5: 152.97349 | F5: Agathis robusta | G5: Queensland kauri pine | H5: Araucariaceae | I5: 25 | J5: 15 | K5: 800 | L5: 1925 | M5: NALL-CV-2257, NALL-SNV-881, NALL-WWV-2529 | N5: No | O5: =COUNTIF(Health_Assessments!$B$2:$B$5001,A5) -> 0 | P5: =IF(O5=0,"",_xlfn.MAXIFS(Health_Assessments!$C$2:$C$5001,Health_Assessments!$B$2:$B$5001,A5)) | Q5: =IF(O5=0,"",LOOKUP(2,1/((Health_Assessments!$B$2:$B$5001=A5)*(Health_Assessments!$C$2:$C$5001=P5)),Health_Assessments!$E$2:$E$5001)) | R5: =IF(O5=0,"",LOOKUP(2,1/((Health_Assessments!$B$2:$B$5001=A5)*(Health_Assessments!$C$2:$C$5001=P5)),Health_Assessments!$G$2:$G$5001)) | S5: =IF(O5=0,"",LOOKUP(2,1/((Health_Assessments!$B$2:$B$5001=A5)*(Health_Assessments!$C$2:$C$5001=P5)),Health_Assessments!$H$2:$H$5001)) | T5: =COUNTIF(Maintenance_Log!$B$2:$B$5001,A5) -> 0 | U5: =IF(T5=0,"",_xlfn.MAXIFS(Maintenance_Log!$D$2:$D$5001,Maintenance_Log!$B$2:$B$5001,A5)) | V5: =COUNTIFS(Maintenance_Log!$B$2:$B$5001,A5,Maintenance_Log!$H$2:$H$5001,"<>Completed",Maintenance_Log!$H$2:$H$5001,"<>Cancelled") -> 0
A6: SHW-0005 | B6: Sherwood Arboretum | C6: 5 | D6: -27.529409 | E6: 152.97362 | F6: Agathis robusta | G6: Queensland kauri pine | H6: Araucariaceae | I6: 20 | J6: 16 | K6: 620 | L6: 1925 | M6: NALL-CV-2257, NALL-SNV-881 | N6: No | O6: =COUNTIF(Health_Assessments!$B$2:$B$5001,A6) -> 0 | P6: =IF(O6=0,"",_xlfn.MAXIFS(Health_Assessments!$C$2:$C$5001,Health_Assessments!$B$2:$B$5001,A6)) | Q6: =IF(O6=0,"",LOOKUP(2,1/((Health_Assessments!$B$2:$B$5001=A6)*(Health_Assessments!$C$2:$C$5001=P6)),Health_Assessments!$E$2:$E$5001)) | R6: =IF(O6=0,"",LOOKUP(2,1/((Health_Assessments!$B$2:$B$5001=A6)*(Health_Assessments!$C$2:$C$5001=P6)),Health_Assessments!$G$2:$G$5001)) | S6: =IF(O6=0,"",LOOKUP(2,1/((Health_Assessments!$B$2:$B$5001=A6)*(Health_Assessments!$C$2:$C$5001=P6)),Health_Assessments!$H$2:$H$5001)) | T6: =COUNTIF(Maintenance_Log!$B$2:$B$5001,A6) -> 0 | U6: =IF(T6=0,"",_xlfn.MAXIFS(Maintenance_Log!$D$2:$D$5001,Maintenance_Log!$B$2:$B$5001,A6)) | V6: =COUNTIFS(Maintenance_Log!$B$2:$B$5001,A6,Maintenance_Log!$H$2:$H$5001,"<>Completed",Maintenance_Log!$H$2:$H$5001,"<>Cancelled") -> 0
A7: SHW-0006 | B7: Sherwood Arboretum | C7: 6 | D7: -27.529433 | E7: 152.97351 | F7: Agathis robusta | G7: Queensland kauri pine | H7: Araucariaceae | I7: 22 | J7: 15 | K7: 370 | L7: 1925 | M7: NALL-CV-2257, NALL-SNV-881, NALL-WWV-2529 | N7: No | O7: =COUNTIF(Health_Assessments!$B$2:$B$5001,A7) -> 0 | P7: =IF(O7=0,"",_xlfn.MAXIFS(Health_Assessments!$C$2:$C$5001,Health_Assessments!$B$2:$B$5001,A7)) | Q7: =IF(O7=0,"",LOOKUP(2,1/((Health_Assessments!$B$2:$B$5001=A7)*(Health_Assessments!$C$2:$C$5001=P7)),Health_Assessments!$E$2:$E$5001)) | R7: =IF(O7=0,"",LOOKUP(2,1/((Health_Assessments!$B$2:$B$5001=A7)*(Health_Assessments!$C$2:$C$5001=P7)),Health_Assessments!$G$2:$G$5001)) | S7: =IF(O7=0,"",LOOKUP(2,1/((Health_Assessments!$B$2:$B$5001=A7)*(Health_Assessments!$C$2:$C$5001=P7)),Health_Assessments!$H$2:$H$5001)) | T7: =COUNTIF(Maintenance_Log!$B$2:$B$5001,A7) -> 0 | U7: =IF(T7=0,"",_xlfn.MAXIFS(Maintenance_Log!$D$2:$D$5001,Maintenance_Log!$B$2:$B$5001,A7)) | V7: =COUNTIFS(Maintenance_Log!$B$2:$B$5001,A7,Maintenance_Log!$H$2:$H$5001,"<>Completed",Maintenance_Log!$H$2:$H$5001,"<>Cancelled") -> 0
A8: SHW-0007 | B8: Sherwood Arboretum | C8: 7 | D8: -27.529505 | E8: 152.97366 | F8: Agathis robusta | G8: Queensland kauri pine | H8: Araucariaceae | I8: 21 | J8: 10 | K8: 650 | L8: 1925 | M8: NALL-CV-2257, NALL-SNV-881 | N8: No | O8: =COUNTIF(Health_Assessments!$B$2:$B$5001,A8) -> 0 | P8: =IF(O8=0,"",_xlfn.MAXIFS(Health_Assessments!$C$2:$C$5001,Health_Assessments!$B$2:$B$5001,A8)) | Q8: =IF(O8=0,"",LOOKUP(2,1/((Health_Assessments!$B$2:$B$5001=A8)*(Health_Assessments!$C$2:$C$5001=P8)),Health_Assessments!$E$2:$E$5001)) | R8: =IF(O8=0,"",LOOKUP(2,1/((Health_Assessments!$B$2:$B$5001=A8)*(Health_Assessments!$C$2:$C$5001=P8)),Health_Assessments!$G$2:$G$5001)) | S8: =IF(O8=0,"",LOOKUP(2,1/((Health_Assessments!$B$2:$B$5001=A8)*(Health_Assessments!$C$2:$C$5001=P8)),Health_Assessments!$H$2:$H$5001)) | T8: =COUNTIF(Maintenance_Log!$B$2:$B$5001,A8) -> 0 | U8: =IF(T8=0,"",_xlfn.MAXIFS(Maintenance_Log!$D$2:$D$5001,Maintenance_Log!$B$2:$B$5001,A8)) | V8: =COUNTIFS(Maintenance_Log!$B$2:$B$5001,A8,Maintenance_Log!$H$2:$H$5001,"<>Completed",Maintenance_Log!$H$2:$H$5001,"<>Cancelled") -> 0
A9: SHW-0008 | B9: Sherwood Arboretum | C9: 8 | D9: -27.529542 | E9: 152.97354 | F9: Agathis robusta | G9: Queensland kauri pine | H9: Araucariaceae | I9: 23 | J9: 10 | K9: 540 | L9: 1925 | M9: NALL-CV-2257, NALL-SNV-881, NALL-WWV-2529 | N9: No | O9: =COUNTIF(Health_Assessments!$B$2:$B$5001,A9) -> 0 | P9: =IF(O9=0,"",_xlfn.MAXIFS(Health_Assessments!$C$2:$C$5001,Health_Assessments!$B$2:$B$5001,A9)) | Q9: =IF(O9=0,"",LOOKUP(2,1/((Health_Assessments!$B$2:$B$5001=A9)*(Health_Assessments!$C$2:$C$5001=P9)),Health_Assessments!$E$2:$E$5001)) | R9: =IF(O9=0,"",LOOKUP(2,1/((Health_Assessments!$B$2:$B$5001=A9)*(Health_Assessments!$C$2:$C$5001=P9)),Health_Assessments!$G$2:$G$5001)) | S9: =IF(O9=0,"",LOOKUP(2,1/((Health_Assessments!$B$2:$B$5001=A9)*(Health_Assessments!$C$2:$C$5001=P9)),Health_Assessments!$H$2:$H$5001)) | T9: =COUNTIF(Maintenance_Log!$B$2:$B$5001,A9) -> 0 | U9: =IF(T9=0,"",_xlfn.MAXIFS(Maintenance_Log!$D$2:$D$5001,Maintenance_Log!$B$2:$B$5001,A9)) | V9: =COUNTIFS(Maintenance_Log!$B$2:$B$5001,A9,Maintenance_Log!$H$2:$H$5001,"<>Completed",Maintenance_Log!$H$2:$H$5001,"<>Cancelled") -> 0
A10: SHW-0009 | B10: Sherwood Arboretum | C10: 9 | D10: -27.529633 | E10: 152.97367 | F10: Agathis robusta | G10: Queensland kauri pine | H10: Araucariaceae | I10: 24 | J10: 16 | K10: 670 | L10: 1925 | M10: NALL-CV-2257, NALL-SNV-881 | N10: No | O10: =COUNTIF(Health_Assessments!$B$2:$B$5001,A10) -> 0 | P10: =IF(O10=0,"",_xlfn.MAXIFS(Health_Assessments!$C$2:$C$5001,Health_Assessments!$B$2:$B$5001,A10)) | Q10: =IF(O10=0,"",LOOKUP(2,1/((Health_Assessments!$B$2:$B$5001=A10)*(Health_Assessments!$C$2:$C$5001=P10)),Health_Assessments!$E$2:$E$5001)) | R10: =IF(O10=0,"",LOOKUP(2,1/((Health_Assessments!$B$2:$B$5001=A10)*(Health_Assessments!$C$2:$C$5001=P10)),Health_Assessments!$G$2:$G$5001)) | S10: =IF(O10=0,"",LOOKUP(2,1/((Health_Assessments!$B$2:$B$5001=A10)*(Health_Assessments!$C$2:$C$5001=P10)),Health_Assessments!$H$2:$H$5001)) | T10: =COUNTIF(Maintenance_Log!$B$2:$B$5001,A10) -> 0 | U10: =IF(T10=0,"",_xlfn.MAXIFS(Maintenance_Log!$D$2:$D$5001,Maintenance_Log!$B$2:$B$5001,A10)) | V10: =COUNTIFS(Maintenance_Log!$B$2:$B$5001,A10,Maintenance_Log!$H$2:$H$5001,"<>Completed",Maintenance_Log!$H$2:$H$5001,"<>Cancelled") -> 0
A11: SHW-0010 | B11: Sherwood Arboretum | C11: 10 | D11: -27.52965 | E11: 152.97355 | F11: Agathis robusta | G11: Queensland kauri pine | H11: Araucariaceae | I11: 24 | J11: 13 | K11: 570 | L11: 1925 | M11: NALL-CV-2257, NALL-SNV-881 | N11: No | O11: =COUNTIF(Health_Assessments!$B$2:$B$5001,A11) -> 0 | P11: =IF(O11=0,"",_xlfn.MAXIFS(Health_Assessments!$C$2:$C$5001,Health_Assessments!$B$2:$B$5001,A11)) | Q11: =IF(O11=0,"",LOOKUP(2,1/((Health_Assessments!$B$2:$B$5001=A11)*(Health_Assessments!$C$2:$C$5001=P11)),Health_Assessments!$E$2:$E$5001)) | R11: =IF(O11=0,"",LOOKUP(2,1/((Health_Assessments!$B$2:$B$5001=A11)*(Health_Assessments!$C$2:$C$5001=P11)),Health_Assessments!$G$2:$G$5001)) | S11: =IF(O11=0,"",LOOKUP(2,1/((Health_Assessments!$B$2:$B$5001=A11)*(Health_Assessments!$C$2:$C$5001=P11)),Health_Assessments!$H$2:$H$5001)) | T11: =COUNTIF(Maintenance_Log!$B$2:$B$5001,A11) -> 0 | U11: =IF(T11=0,"",_xlfn.MAXIFS(Maintenance_Log!$D$2:$D$5001,Maintenance_Log!$B$2:$B$5001,A11)) | V11: =COUNTIFS(Maintenance_Log!$B$2:$B$5001,A11,Maintenance_Log!$H$2:$H$5001,"<>Completed",Maintenance_Log!$H$2:$H$5001,"<>Cancelled") -> 0
A12: SHW-0011 | B12: Sherwood Arboretum | C12: 11 | D12: -27.529735 | E12: 152.97369 | F12: Agathis robusta | G12: Queensland kauri pine | H12: Araucariaceae | I12: 25 | J12: 15 | K12: 680 | L12: 1925 | M12: NALL-CV-2257, NALL-SNV-881 | N12: No | O12: =COUNTIF(Health_Assessments!$B$2:$B$5001,A12) -> 0 | P12: =IF(O12=0,"",_xlfn.MAXIFS(Health_Assessments!$C$2:$C$5001,Health_Assessments!$B$2:$B$5001,A12)) | Q12: =IF(O12=0,"",LOOKUP(2,1/((Health_Assessments!$B$2:$B$5001=A12)*(Health_Assessments!$C$2:$C$5001=P12)),Health_Assessments!$E$2:$E$5001)) | R12: =IF(O12=0,"",LOOKUP(2,1/((Health_Assessments!$B$2:$B$5001=A12)*(Health_Assessments!$C$2:$C$5001=P12)),Health_Assessments!$G$2:$G$5001)) | S12: =IF(O12=0,"",LOOKUP(2,1/((Health_Assessments!$B$2:$B$5001=A12)*(Health_Assessments!$C$2:$C$5001=P12)),Health_Assessments!$H$2:$H$5001)) | T12: =COUNTIF(Maintenance_Log!$B$2:$B$5001,A12) -> 0 | U12: =IF(T12=0,"",_xlfn.MAXIFS(Maintenance_Log!$D$2:$D$5001,Maintenance_Log!$B$2:$B$5001,A12)) | V12: =COUNTIFS(Maintenance_Log!$B$2:$B$5001,A12,Maintenance_Log!$H$2:$H$5001,"<>Completed",Maintenance_Log!$H$2:$H$5001,"<>Cancelled") -> 0
A13: SHW-0012 | B13: Sherwood Arboretum | C13: 12 | D13: -27.529762 | E13: 152.97357 | F13: Agathis robusta | G13: Queensland kauri pine | H13: Araucariaceae | I13: 22 | J13: 15 | K13: 770 | L13: 1925 | M13: NALL-CV-2257, NALL-SNV-881 | N13: No | O13: =COUNTIF(Health_Assessments!$B$2:$B$5001,A13) -> 0 | P13: =IF(O13=0,"",_xlfn.MAXIFS(Health_Assessments!$C$2:$C$5001,Health_Assessments!$B$2:$B$5001,A13)) | Q13: =IF(O13=0,"",LOOKUP(2,1/((Health_Assessments!$B$2:$B$5001=A13)*(Health_Assessments!$C$2:$C$5001=P13)),Health_Assessments!$E$2:$E$5001)) | R13: =IF(O13=0,"",LOOKUP(2,1/((Health_Assessments!$B$2:$B$5001=A13)*(Health_Assessments!$C$2:$C$5001=P13)),Health_Assessments!$G$2:$G$5001)) | S13: =IF(O13=0,"",LOOKUP(2,1/((Health_Assessments!$B$2:$B$5001=A13)*(Health_Assessments!$C$2:$C$5001=P13)),Health_Assessments!$H$2:$H$5001)) | T13: =COUNTIF(Maintenance_Log!$B$2:$B$5001,A13) -> 0 | U13: =IF(T13=0,"",_xlfn.MAXIFS(Maintenance_Log!$D$2:$D$5001,Maintenance_Log!$B$2:$B$5001,A13)) | V13: =COUNTIFS(Maintenance_Log!$B$2:$B$5001,A13,Maintenance_Log!$H$2:$H$5001,"<>Completed",Maintenance_Log!$H$2:$H$5001,"<>Cancelled") -> 0
... A41: SHW-0040 | B41: Sherwood Arboretum | C41: 40 | D41: -27.531285 | E41: 152.97385 | F41: Agathis robusta | G41: Queensland kauri pine | H41: Araucariaceae | I41: 18 | J41: 12 | K41: 640 | L41: 1925 | M41: NALL-CV-2257, NALL-SNV-881, NALL-WWV-2529 | N41: No | O41: =COUNTIF(Health_Assessments!$B$2:$B$5001,A41) -> 0 | P41: =IF(O41=0,"",_xlfn.MAXIFS(Health_Assessments!$C$2:$C$5001,Health_Assessments!$B$2:$B$5001,A41)) | Q41: =IF(O41=0,"",LOOKUP(2,1/((Health_Assessments!$B$2:$B$5001=A41)*(Health_Assessments!$C$2:$C$5001=P41)),Health_Assessments!$E$2:$E$5001)) | R41: =IF(O41=0,"",LOOKUP(2,1/((Health_Assessments!$B$2:$B$5001=A41)*(Health_Assessments!$C$2:$C$5001=P41)),Health_Assessments!$G$2:$G$5001)) | S41: =IF(O41=0,"",LOOKUP(2,1/((Health_Assessments!$B$2:$B$5001=A41)*(Health_Assessments!$C$2:$C$5001=P41)),Health_Assessments!$H$2:$H$5001)) | T41: =COUNTIF(Maintenance_Log!$B$2:$B$5001,A41) -> 0 | U41: =IF(T41=0,"",_xlfn.MAXIFS(Maintenance_Log!$D$2:$D$5001,Maintenance_Log!$B$2:$B$5001,A41)) | V41: =COUNTIFS(Maintenance_Log!$B$2:$B$5001,A41,Maintenance_Log!$H$2:$H$5001,"<>Completed",Maintenance_Log!$H$2:$H$5001,"<>Cancelled") -> 0
A42: SHW-0041 | B42: Sherwood Arboretum | C42: 41 | D42: -27.531356 | E42: 152.974 | F42: Agathis robusta | G42: Queensland kauri pine | H42: Araucariaceae | I42: 17 | J42: 11 | K42: 770 | M42: NALL-CV-2257, NALL-SNV-881, NALL-WWV-2529 | N42: No | O42: =COUNTIF(Health_Assessments!$B$2:$B$5001,A42) -> 0 | P42: =IF(O42=0,"",_xlfn.MAXIFS(Health_Assessments!$C$2:$C$5001,Health_Assessments!$B$2:$B$5001,A42)) | Q42: =IF(O42=0,"",LOOKUP(2,1/((Health_Assessments!$B$2:$B$5001=A42)*(Health_Assessments!$C$2:$C$5001=P42)),Health_Assessments!$E$2:$E$5001)) | R42: =IF(O42=0,"",LOOKUP(2,1/((Health_Assessments!$B$2:$B$5001=A42)*(Health_Assessments!$C$2:$C$5001=P42)),Health_Assessments!$G$2:$G$5001)) | S42: =IF(O42=0,"",LOOKUP(2,1/((Health_Assessments!$B$2:$B$5001=A42)*(Health_Assessments!$C$2:$C$5001=P42)),Health_Assessments!$H$2:$H$5001)) | T42: =COUNTIF(Maintenance_Log!$B$2:$B$5001,A42) -> 0 | U42: =IF(T42=0,"",_xlfn.MAXIFS(Maintenance_Log!$D$2:$D$5001,Maintenance_Log!$B$2:$B$5001,A42)) | V42: =COUNTIFS(Maintenance_Log!$B$2:$B$5001,A42,Maintenance_Log!$H$2:$H$5001,"<>Completed",Maintenance_Log!$H$2:$H$5001,"<>Cancelled") -> 0
A43: SHW-0042 | B43: Sherwood Arboretum | C43: 42 | D43: -27.531385 | E43: 152.97387 | F43: Agathis robusta | G43: Queensland kauri pine | H43: Araucariaceae | I43: 20 | J43: 15 | K43: 650 | L43: 1925 | M43: NALL-CV-2257, NALL-SNV-881, NALL-WWV-2529 | N43: No | O43: =COUNTIF(Health_Assessments!$B$2:$B$5001,A43) -> 0 | P43: =IF(O43=0,"",_xlfn.MAXIFS(Health_Assessments!$C$2:$C$5001,Health_Assessments!$B$2:$B$5001,A43)) | Q43: =IF(O43=0,"",LOOKUP(2,1/((Health_Assessments!$B$2:$B$5001=A43)*(Health_Assessments!$C$2:$C$5001=P43)),Health_Assessments!$E$2:$E$5001)) | R43: =IF(O43=0,"",LOOKUP(2,1/((Health_Assessments!$B$2:$B$5001=A43)*(Health_Assessments!$C$2:$C$5001=P43)),Health_Assessments!$G$2:$G$5001)) | S43: =IF(O43=0,"",LOOKUP(2,1/((Health_Assessments!$B$2:$B$5001=A43)*(Health_Assessments!$C$2:$C$5001=P43)),Health_Assessments!$H$2:$H$5001)) | T43: =COUNTIF(Maintenance_Log!$B$2:$B$5001,A43) -> 0 | U43: =IF(T43=0,"",_xlfn.MAXIFS(Maintenance_Log!$D$2:$D$5001,Maintenance_Log!$B$2:$B$5001,A43)) | V43: =COUNTIFS(Maintenance_Log!$B$2:$B$5001,A43,Maintenance_Log!$H$2:$H$5001,"<>Completed",Maintenance_Log!$H$2:$H$5001,"<>Cancelled") -> 0
A44: SHW-0043 | B44: Sherwood Arboretum | C44: 43 | D44: -27.531474 | E44: 152.97401 | F44: Agathis robusta | G44: Queensland kauri pine | H44: Araucariaceae | I44: 8 | J44: 4 | K44: 140 | L44: 2014 | M44: NALL-CV-2257, NALL-SNV-881, NALL-WWV-2529 | N44: No | O44: =COUNTIF(Health_Assessments!$B$2:$B$5001,A44) -> 0 | P44: =IF(O44=0,"",_xlfn.MAXIFS(Health_Assessments!$C$2:$C$5001,Health_Assessments!$B$2:$B$5001,A44)) | Q44: =IF(O44=0,"",LOOKUP(2,1/((Health_Assessments!$B$2:$B$5001=A44)*(Health_Assessments!$C$2:$C$5001=P44)),Health_Assessments!$E$2:$E$5001)) | R44: =IF(O44=0,"",LOOKUP(2,1/((Health_Assessments!$B$2:$B$5001=A44)*(Health_Assessments!$C$2:$C$5001=P44)),Health_Assessments!$G$2:$G$5001)) | S44: =IF(O44=0,"",LOOKUP(2,1/((Health_Assessments!$B$2:$B$5001=A44)*(Health_Assessments!$C$2:$C$5001=P44)),Health_Assessments!$H$2:$H$5001)) | T44: =COUNTIF(Maintenance_Log!$B$2:$B$5001,A44) -> 0 | U44: =IF(T44=0,"",_xlfn.MAXIFS(Maintenance_Log!$D$2:$D$5001,Maintenance_Log!$B$2:$B$5001,A44)) | V44: =COUNTIFS(Maintenance_Log!$B$2:$B$5001,A44,Maintenance_Log!$H$2:$H$5001,"<>Completed",Maintenance_Log!$H$2:$H$5001,"<>Cancelled") -> 0
A45: SHW-0044 | B45: Sherwood Arboretum | C45: 44 | D45: -27.531486 | E45: 152.9739 | F45: Agathis robusta | G45: Queensland kauri pine | H45: Araucariaceae | I45: 10 | J45: 4 | K45: 290 | L45: 1925 | M45: NALL-CV-2257, NALL-SNV-881, NALL-WWV-2529 | N45: No | O45: =COUNTIF(Health_Assessments!$B$2:$B$5001,A45) -> 0 | P45: =IF(O45=0,"",_xlfn.MAXIFS(Health_Assessments!$C$2:$C$5001,Health_Assessments!$B$2:$B$5001,A45)) | Q45: =IF(O45=0,"",LOOKUP(2,1/((Health_Assessments!$B$2:$B$5001=A45)*(Health_Assessments!$C$2:$C$5001=P45)),Health_Assessments!$E$2:$E$5001)) | R45: =IF(O45=0,"",LOOKUP(2,1/((Health_Assessments!$B$2:$B$5001=A45)*(Health_Assessments!$C$2:$C$5001=P45)),Health_Assessments!$G$2:$G$5001)) | S45: =IF(O45=0,"",LOOKUP(2,1/((Health_Assessments!$B$2:$B$5001=A45)*(Health_Assessments!$C$2:$C$5001=P45)),Health_Assessments!$H$2:$H$5001)) | T45: =COUNTIF(Maintenance_Log!$B$2:$B$5001,A45) -> 0 | U45: =IF(T45=0,"",_xlfn.MAXIFS(Maintenance_Log!$D$2:$D$5001,Maintenance_Log!$B$2:$B$5001,A45)) | V45: =COUNTIFS(Maintenance_Log!$B$2:$B$5001,A45,Maintenance_Log!$H$2:$H$5001,"<>Completed",Maintenance_Log!$H$2:$H$5001,"<>Cancelled") -> 0
A46: SHW-0045 | B46: Sherwood Arboretum | C46: 45 | D46: -27.531583 | E46: 152.97403 | F46: Agathis robusta | G46: Queensland kauri pine | H46: Araucariaceae | I46: 9 | J46: 2 | K46: 170 | L46: 2014 | M46: NALL-CV-2257, NALL-SNV-881, NALL-WWV-2529 | N46: No | O46: =COUNTIF(Health_Assessments!$B$2:$B$5001,A46) -> 0 | P46: =IF(O46=0,"",_xlfn.MAXIFS(Health_Assessments!$C$2:$C$5001,Health_Assessments!$B$2:$B$5001,A46)) | Q46: =IF(O46=0,"",LOOKUP(2,1/((Health_Assessments!$B$2:$B$5001=A46)*(Health_Assessments!$C$2:$C$5001=P46)),Health_Assessments!$E$2:$E$5001)) | R46: =IF(O46=0,"",LOOKUP(2,1/((Health_Assessments!$B$2:$B$5001=A46)*(Health_Assessments!$C$2:$C$5001=P46)),Health_Assessments!$G$2:$G$5001)) | S46: =IF(O46=0,"",LOOKUP(2,1/((Health_Assessments!$B$2:$B$5001=A46)*(Health_Assessments!$C$2:$C$5001=P46)),Health_Assessments!$H$2:$H$5001)) | T46: =COUNTIF(Maintenance_Log!$B$2:$B$5001,A46) -> 0 | U46: =IF(T46=0,"",_xlfn.MAXIFS(Maintenance_Log!$D$2:$D$5001,Maintenance_Log!$B$2:$B$5001,A46)) | V46: =COUNTIFS(Maintenance_Log!$B$2:$B$5001,A46,Maintenance_Log!$H$2:$H$5001,"<>Completed",Maintenance_Log!$H$2:$H$5001,"<>Cancelled") -> 0
A47: SHW-0046 | B47: Sherwood Arboretum | C47: 46 | D47: -27.531598 | E47: 152.97392 | F47: Agathis robusta | G47: Queensland kauri pine | H47: Araucariaceae | I47: 9 | J47: 2 | K47: 180 | L47: 2014 | M47: NALL-CV-2257, NALL-SNV-881, NALL-WWV-2529 | N47: No | O47: =COUNTIF(Health_Assessments!$B$2:$B$5001,A47) -> 0 | P47: =IF(O47=0,"",_xlfn.MAXIFS(Health_Assessments!$C$2:$C$5001,Health_Assessments!$B$2:$B$5001,A47)) | Q47: =IF(O47=0,"",LOOKUP(2,1/((Health_Assessments!$B$2:$B$5001=A47)*(Health_Assessments!$C$2:$C$5001=P47)),Health_Assessments!$E$2:$E$5001)) | R47: =IF(O47=0,"",LOOKUP(2,1/((Health_Assessments!$B$2:$B$5001=A47)*(Health_Assessments!$C$2:$C$5001=P47)),Health_Assessments!$G$2:$G$5001)) | S47: =IF(O47=0,"",LOOKUP(2,1/((Health_Assessments!$B$2:$B$5001=A47)*(Health_Assessments!$C$2:$C$5001=P47)),Health_Assessments!$H$2:$H$5001)) | T47: =COUNTIF(Maintenance_Log!$B$2:$B$5001,A47) -> 0 | U47: =IF(T47=0,"",_xlfn.MAXIFS(Maintenance_Log!$D$2:$D$5001,Maintenance_Log!$B$2:$B$5001,A47)) | V47: =COUNTIFS(Maintenance_Log!$B$2:$B$5001,A47,Maintenance_Log!$H$2:$H$5001,"<>Completed",Maintenance_Log!$H$2:$H$5001,"<>Cancelled") -> 0
A48: SHW-0047 | B48: Sherwood Arboretum | C48: 47 | D48: -27.531707 | E48: 152.97405 | F48: Agathis robusta | G48: Queensland kauri pine | H48: Araucariaceae | I48: 9 | J48: 2 | K48: 170 | L48: 2014 | M48: NALL-CV-2257, NALL-SNV-881, NALL-WWV-2529 | N48: No | O48: =COUNTIF(Health_Assessments!$B$2:$B$5001,A48) -> 0 | P48: =IF(O48=0,"",_xlfn.MAXIFS(Health_Assessments!$C$2:$C$5001,Health_Assessments!$B$2:$B$5001,A48)) | Q48: =IF(O48=0,"",LOOKUP(2,1/((Health_Assessments!$B$2:$B$5001=A48)*(Health_Assessments!$C$2:$C$5001=P48)),Health_Assessments!$E$2:$E$5001)) | R48: =IF(O48=0,"",LOOKUP(2,1/((Health_Assessments!$B$2:$B$5001=A48)*(Health_Assessments!$C$2:$C$5001=P48)),Health_Assessments!$G$2:$G$5001)) | S48: =IF(O48=0,"",LOOKUP(2,1/((Health_Assessments!$B$2:$B$5001=A48)*(Health_Assessments!$C$2:$C$5001=P48)),Health_Assessments!$H$2:$H$5001)) | T48: =COUNTIF(Maintenance_Log!$B$2:$B$5001,A48) -> 0 | U48: =IF(T48=0,"",_xlfn.MAXIFS(Maintenance_Log!$D$2:$D$5001,Maintenance_Log!$B$2:$B$5001,A48)) | V48: =COUNTIFS(Maintenance_Log!$B$2:$B$5001,A48,Maintenance_Log!$H$2:$H$5001,"<>Completed",Maintenance_Log!$H$2:$H$5001,"<>Cancelled") -> 0
A49: SHW-0048 | B49: Sherwood Arboretum | C49: 48 | D49: -27.531716 | E49: 152.97394 | F49: Agathis robusta | G49: Queensland kauri pine | H49: Araucariaceae | I49: 9 | J49: 2 | K49: 180 | L49: 2014 | M49: NALL-CV-2257, NALL-SNV-881, NALL-WWV-2529 | N49: No | O49: =COUNTIF(Health_Assessments!$B$2:$B$5001,A49) -> 0 | P49: =IF(O49=0,"",_xlfn.MAXIFS(Health_Assessments!$C$2:$C$5001,Health_Assessments!$B$2:$B$5001,A49)) | Q49: =IF(O49=0,"",LOOKUP(2,1/((Health_Assessments!$B$2:$B$5001=A49)*(Health_Assessments!$C$2:$C$5001=P49)),Health_Assessments!$E$2:$E$5001)) | R49: =IF(O49=0,"",LOOKUP(2,1/((Health_Assessments!$B$2:$B$5001=A49)*(Health_Assessments!$C$2:$C$5001=P49)),Health_Assessments!$G$2:$G$5001)) | S49: =IF(O49=0,"",LOOKUP(2,1/((Health_Assessments!$B$2:$B$5001=A49)*(Health_Assessments!$C$2:$C$5001=P49)),Health_Assessments!$H$2:$H$5001)) | T49: =COUNTIF(Maintenance_Log!$B$2:$B$5001,A49) -> 0 | U49: =IF(T49=0,"",_xlfn.MAXIFS(Maintenance_Log!$D$2:$D$5001,Maintenance_Log!$B$2:$B$5001,A49)) | V49: =COUNTIFS(Maintenance_Log!$B$2:$B$5001,A49,Maintenance_Log!$H$2:$H$5001,"<>Completed",Maintenance_Log!$H$2:$H$5001,"<>Cancelled") -> 0
A50: SHW-0049 | B50: Sherwood Arboretum | C50: 49 | D50: -27.531809 | E50: 152.97407 | F50: Agathis robusta | G50: Queensland kauri pine | H50: Araucariaceae | I50: 11 | J50: 5 | K50: 350 | M50: NALL-CV-2257, NALL-SNV-881, NALL-WWV-2529 | N50: No | O50: =COUNTIF(Health_Assessments!$B$2:$B$5001,A50) -> 0 | P50: =IF(O50=0,"",_xlfn.MAXIFS(Health_Assessments!$C$2:$C$5001,Health_Assessments!$B$2:$B$5001,A50)) | Q50: =IF(O50=0,"",LOOKUP(2,1/((Health_Assessments!$B$2:$B$5001=A50)*(Health_Assessments!$C$2:$C$5001=P50)),Health_Assessments!$E$2:$E$5001)) | R50: =IF(O50=0,"",LOOKUP(2,1/((Health_Assessments!$B$2:$B$5001=A50)*(Health_Assessments!$C$2:$C$5001=P50)),Health_Assessments!$G$2:$G$5001)) | S50: =IF(O50=0,"",LOOKUP(2,1/((Health_Assessments!$B$2:$B$5001=A50)*(Health_Assessments!$C$2:$C$5001=P50)),Health_Assessments!$H$2:$H$5001)) | T50: =COUNTIF(Maintenance_Log!$B$2:$B$5001,A50) -> 0 | U50: =IF(T50=0,"",_xlfn.MAXIFS(Maintenance_Log!$D$2:$D$5001,Maintenance_Log!$B$2:$B$5001,A50)) | V50: =COUNTIFS(Maintenance_Log!$B$2:$B$5001,A50,Maintenance_Log!$H$2:$H$5001,"<>Completed",Maintenance_Log!$H$2:$H$5001,"<>Cancelled") -> 0
A51: SHW-0050 | B51: Sherwood Arboretum | C51: 50 | D51: -27.531825 | E51: 152.97395 | F51: Agathis robusta | G51: Queensland kauri pine | H51: Araucariaceae | I51: 10 | J51: 3 | K51: 230 | L51: 2012 | M51: NALL-CV-2257, NALL-SNV-881, NALL-WWV-2529 | N51: No | O51: =COUNTIF(Health_Assessments!$B$2:$B$5001,A51) -> 0 | P51: =IF(O51=0,"",_xlfn.MAXIFS(Health_Assessments!$C$2:$C$5001,Health_Assessments!$B$2:$B$5001,A51)) | Q51: =IF(O51=0,"",LOOKUP(2,1/((Health_Assessments!$B$2:$B$5001=A51)*(Health_Assessments!$C$2:$C$5001=P51)),Health_Assessments!$E$2:$E$5001)) | R51: =IF(O51=0,"",LOOKUP(2,1/((Health_Assessments!$B$2:$B$5001=A51)*(Health_Assessments!$C$2:$C$5001=P51)),Health_Assessments!$G$2:$G$5001)) | S51: =IF(O51=0,"",LOOKUP(2,1/((Health_Assessments!$B$2:$B$5001=A51)*(Health_Assessments!$C$2:$C$5001=P51)),Health_Assessments!$H$2:$H$5001)) | T51: =COUNTIF(Maintenance_Log!$B$2:$B$5001,A51) -> 0 | U51: =IF(T51=0,"",_xlfn.MAXIFS(Maintenance_Log!$D$2:$D$5001,Maintenance_Log!$B$2:$B$5001,A51)) | V51: =COUNTIFS(Maintenance_Log!$B$2:$B$5001,A51,Maintenance_Log!$H$2:$H$5001,"<>Completed",Maintenance_Log!$H$2:$H$5001,"<>Cancelled") -> 0
A52: SHW-0051 | B52: Sherwood Arboretum | C52: 51 | D52: -27.531897 | E52: 152.97409 | F52: Agathis robusta | G52: Queensland kauri pine | H52: Araucariaceae | I52: 11 | J52: 3 | K52: 250 | M52: NALL-CV-2257, NALL-SNV-881, NALL-WWV-2529 | N52: No | O52: =COUNTIF(Health_Assessments!$B$2:$B$5001,A52) -> 0 | P52: =IF(O52=0,"",_xlfn.MAXIFS(Health_Assessments!$C$2:$C$5001,Health_Assessments!$B$2:$B$5001,A52)) | Q52: =IF(O52=0,"",LOOKUP(2,1/((Health_Assessments!$B$2:$B$5001=A52)*(Health_Assessments!$C$2:$C$5001=P52)),Health_Assessments!$E$2:$E$5001)) | R52: =IF(O52=0,"",LOOKUP(2,1/((Health_Assessments!$B$2:$B$5001=A52)*(Health_Assessments!$C$2:$C$5001=P52)),Health_Assessments!$G$2:$G$5001)) | S52: =IF(O52=0,"",LOOKUP(2,1/((Health_Assessments!$B$2:$B$5001=A52)*(Health_Assessments!$C$2:$C$5001=P52)),Health_Assessments!$H$2:$H$5001)) | T52: =COUNTIF(Maintenance_Log!$B$2:$B$5001,A52) -> 0 | U52: =IF(T52=0,"",_xlfn.MAXIFS(Maintenance_Log!$D$2:$D$5001,Maintenance_Log!$B$2:$B$5001,A52)) | V52: =COUNTIFS(Maintenance_Log!$B$2:$B$5001,A52,Maintenance_Log!$H$2:$H$5001,"<>Completed",Maintenance_Log!$H$2:$H$5001,"<>Cancelled") -> 0
A53: SHW-0052 | B53: Sherwood Arboretum | C53: 52 | D53: -27.531931 | E53: 152.97397 | F53: Agathis robusta | G53: Queensland kauri pine | H53: Araucariaceae | I53: 18 | J53: 5 | K53: 550 | M53: NALL-CV-2257, NALL-SNV-881 | N53: No | O53: =COUNTIF(Health_Assessments!$B$2:$B$5001,A53) -> 0 | P53: =IF(O53=0,"",_xlfn.MAXIFS(Health_Assessments!$C$2:$C$5001,Health_Assessments!$B$2:$B$5001,A53)) | Q53: =IF(O53=0,"",LOOKUP(2,1/((Health_Assessments!$B$2:$B$5001=A53)*(Health_Assessments!$C$2:$C$5001=P53)),Health_Assessments!$E$2:$E$5001)) | R53: =IF(O53=0,"",LOOKUP(2,1/((Health_Assessments!$B$2:$B$5001=A53)*(Health_Assessments!$C$2:$C$5001=P53)),Health_Assessments!$G$2:$G$5001)) | S53: =IF(O53=0,"",LOOKUP(2,1/((Health_Assessments!$B$2:$B$5001=A53)*(Health_Assessments!$C$2:$C$5001=P53)),Health_Assessments!$H$2:$H$5001)) | T53: =COUNTIF(Maintenance_Log!$B$2:$B$5001,A53) -> 0 | U53: =IF(T53=0,"",_xlfn.MAXIFS(Maintenance_Log!$D$2:$D$5001,Maintenance_Log!$B$2:$B$5001,A53)) | V53: =COUNTIFS(Maintenance_Log!$B$2:$B$5001,A53,Maintenance_Log!$H$2:$H$5001,"<>Completed",Maintenance_Log!$H$2:$H$5001,"<>Cancelled") -> 0
A54: SHW-0053 | B54: Sherwood Arboretum | C54: 53 | D54: -27.532004 | E54: 152.97412 | F54: Agathis robusta | G54: Queensland kauri pine | H54: Araucariaceae | I54: 9 | J54: 3 | K54: 180 | L54: 2012 | M54: NALL-CV-2257, NALL-SNV-881, NALL-WWV-2529 | N54: No | O54: =COUNTIF(Health_Assessments!$B$2:$B$5001,A54) -> 0 | P54: =IF(O54=0,"",_xlfn.MAXIFS(Health_Assessments!$C$2:$C$5001,Health_Assessments!$B$2:$B$5001,A54)) | Q54: =IF(O54=0,"",LOOKUP(2,1/((Health_Assessments!$B$2:$B$5001=A54)*(Health_Assessments!$C$2:$C$5001=P54)),Health_Assessments!$E$2:$E$5001)) | R54: =IF(O54=0,"",LOOKUP(2,1/((Health_Assessments!$B$2:$B$5001=A54)*(Health_Assessments!$C$2:$C$5001=P54)),Health_Assessments!$G$2:$G$5001)) | S54: =IF(O54=0,"",LOOKUP(2,1/((Health_Assessments!$B$2:$B$5001=A54)*(Health_Assessments!$C$2:$C$5001=P54)),Health_Assessments!$H$2:$H$5001)) | T54: =COUNTIF(Maintenance_Log!$B$2:$B$5001,A54) -> 0 | U54: =IF(T54=0,"",_xlfn.MAXIFS(Maintenance_Log!$D$2:$D$5001,Maintenance_Log!$B$2:$B$5001,A54)) | V54: =COUNTIFS(Maintenance_Log!$B$2:$B$5001,A54,Maintenance_Log!$H$2:$H$5001,"<>Completed",Maintenance_Log!$H$2:$H$5001,"<>Cancelled") -> 0
A55: SHW-0054 | B55: Sherwood Arboretum | C55: 54 | D55: -27.532039 | E55: 152.97399 | F55: Agathis robusta | G55: Queensland kauri pine | H55: Araucariaceae | I55: 18 | J55: 11 | K55: 550 | M55: NALL-CV-2257, NALL-SNV-881 | N55: No | O55: =COUNTIF(Health_Assessments!$B$2:$B$5001,A55) -> 0 | P55: =IF(O55=0,"",_xlfn.MAXIFS(Health_Assessments!$C$2:$C$5001,Health_Assessments!$B$2:$B$5001,A55)) | Q55: =IF(O55=0,"",LOOKUP(2,1/((Health_Assessments!$B$2:$B$5001=A55)*(Health_Assessments!$C$2:$C$5001=P55)),Health_Assessments!$E$2:$E$5001)) | R55: =IF(O55=0,"",LOOKUP(2,1/((Health_Assessments!$B$2:$B$5001=A55)*(Health_Assessments!$C$2:$C$5001=P55)),Health_Assessments!$G$2:$G$5001)) | S55: =IF(O55=0,"",LOOKUP(2,1/((Health_Assessments!$B$2:$B$5001=A55)*(Health_Assessments!$C$2:$C$5001=P55)),Health_Assessments!$H$2:$H$5001)) | T55: =COUNTIF(Maintenance_Log!$B$2:$B$5001,A55) -> 0 | U55: =IF(T55=0,"",_xlfn.MAXIFS(Maintenance_Log!$D$2:$D$5001,Maintenance_Log!$B$2:$B$5001,A55)) | V55: =COUNTIFS(Maintenance_Log!$B$2:$B$5001,A55,Maintenance_Log!$H$2:$H$5001,"<>Completed",Maintenance_Log!$H$2:$H$5001,"<>Cancelled") -> 0
A56: SHW-0055 | B56: Sherwood Arboretum | C56: 55 | D56: -27.532122 | E56: 152.97415 | F56: Agathis robusta | G56: Queensland kauri pine | H56: Araucariaceae | I56: 13 | J56: 6 | K56: 330 | M56: NALL-CV-2257, NALL-SNV-881 | N56: No | O56: =COUNTIF(Health_Assessments!$B$2:$B$5001,A56) -> 0 | P56: =IF(O56=0,"",_xlfn.MAXIFS(Health_Assessments!$C$2:$C$5001,Health_Assessments!$B$2:$B$5001,A56)) | Q56: =IF(O56=0,"",LOOKUP(2,1/((Health_Assessments!$B$2:$B$5001=A56)*(Health_Assessments!$C$2:$C$5001=P56)),Health_Assessments!$E$2:$E$5001)) | R56: =IF(O56=0,"",LOOKUP(2,1/((Health_Assessments!$B$2:$B$5001=A56)*(Health_Assessments!$C$2:$C$5001=P56)),Health_Assessments!$G$2:$G$5001)) | S56: =IF(O56=0,"",LOOKUP(2,1/((Health_Assessments!$B$2:$B$5001=A56)*(Health_Assessments!$C$2:$C$5001=P56)),Health_Assessments!$H$2:$H$5001)) | T56: =COUNTIF(Maintenance_Log!$B$2:$B$5001,A56) -> 0 | U56: =IF(T56=0,"",_xlfn.MAXIFS(Maintenance_Log!$D$2:$D$5001,Maintenance_Log!$B$2:$B$5001,A56)) | V56: =COUNTIFS(Maintenance_Log!$B$2:$B$5001,A56,Maintenance_Log!$H$2:$H$5001,"<>Completed",Maintenance_Log!$H$2:$H$5001,"<>Cancelled") -> 0
A57: SHW-0056 | B57: Sherwood Arboretum | C57: 56 | D57: -27.532144 | E57: 152.97402 | F57: Agathis robusta | G57: Queensland kauri pine | H57: Araucariaceae | I57: 14 | J57: 4 | K57: 480 | M57: NALL-CV-2257, NALL-SNV-881 | N57: No | O57: =COUNTIF(Health_Assessments!$B$2:$B$5001,A57) -> 0 | P57: =IF(O57=0,"",_xlfn.MAXIFS(Health_Assessments!$C$2:$C$5001,Health_Assessments!$B$2:$B$5001,A57)) | Q57: =IF(O57=0,"",LOOKUP(2,1/((Health_Assessments!$B$2:$B$5001=A57)*(Health_Assessments!$C$2:$C$5001=P57)),Health_Assessments!$E$2:$E$5001)) | R57: =IF(O57=0,"",LOOKUP(2,1/((Health_Assessments!$B$2:$B$5001=A57)*(Health_Assessments!$C$2:$C$5001=P57)),Health_Assessments!$G$2:$G$5001)) | S57: =IF(O57=0,"",LOOKUP(2,1/((Health_Assessments!$B$2:$B$5001=A57)*(Health_Assessments!$C$2:$C$5001=P57)),Health_Assessments!$H$2:$H$5001)) | T57: =COUNTIF(Maintenance_Log!$B$2:$B$5001,A57) -> 0 | U57: =IF(T57=0,"",_xlfn.MAXIFS(Maintenance_Log!$D$2:$D$5001,Maintenance_Log!$B$2:$B$5001,A57)) | V57: =COUNTIFS(Maintenance_Log!$B$2:$B$5001,A57,Maintenance_Log!$H$2:$H$5001,"<>Completed",Maintenance_Log!$H$2:$H$5001,"<>Cancelled") -> 0
A58: SHW-0057 | B58: Sherwood Arboretum | C58: 57 | D58: -27.532234 | E58: 152.97415 | F58: Agathis robusta | G58: Queensland kauri pine | H58: Araucariaceae | I58: 7 | J58: 2 | K58: 130 | M58: NALL-CV-2257, NALL-SNV-881 | N58: No | O58: =COUNTIF(Health_Assessments!$B$2:$B$5001,A58) -> 0 | P58: =IF(O58=0,"",_xlfn.MAXIFS(Health_Assessments!$C$2:$C$5001,Health_Assessments!$B$2:$B$5001,A58)) | Q58: =IF(O58=0,"",LOOKUP(2,1/((Health_Assessments!$B$2:$B$5001=A58)*(Health_Assessments!$C$2:$C$5001=P58)),Health_Assessments!$E$2:$E$5001)) | R58: =IF(O58=0,"",LOOKUP(2,1/((Health_Assessments!$B$2:$B$5001=A58)*(Health_Assessments!$C$2:$C$5001=P58)),Health_Assessments!$G$2:$G$5001)) | S58: =IF(O58=0,"",LOOKUP(2,1/((Health_Assessments!$B$2:$B$5001=A58)*(Health_Assessments!$C$2:$C$5001=P58)),Health_Assessments!$H$2:$H$5001)) | T58: =COUNTIF(Maintenance_Log!$B$2:$B$5001,A58) -> 0 | U58: =IF(T58=0,"",_xlfn.MAXIFS(Maintenance_Log!$D$2:$D$5001,Maintenance_Log!$B$2:$B$5001,A58)) | V58: =COUNTIFS(Maintenance_Log!$B$2:$B$5001,A58,Maintenance_Log!$H$2:$H$5001,"<>Completed",Maintenance_Log!$H$2:$H$5001,"<>Cancelled") -> 0
A59: SHW-0058 | B59: Sherwood Arboretum | C59: 58 | D59: -27.532259 | E59: 152.97404 | F59: Agathis robusta | G59: Queensland kauri pine | H59: Araucariaceae | I59: 14 | J59: 10 | K59: 441 | M59: NALL-CV-2257, NALL-SNV-881 | N59: No | O59: =COUNTIF(Health_Assessments!$B$2:$B$5001,A59) -> 0 | P59: =IF(O59=0,"",_xlfn.MAXIFS(Health_Assessments!$C$2:$C$5001,Health_Assessments!$B$2:$B$5001,A59)) | Q59: =IF(O59=0,"",LOOKUP(2,1/((Health_Assessments!$B$2:$B$5001=A59)*(Health_Assessments!$C$2:$C$5001=P59)),Health_Assessments!$E$2:$E$5001)) | R59: =IF(O59=0,"",LOOKUP(2,1/((Health_Assessments!$B$2:$B$5001=A59)*(Health_Assessments!$C$2:$C$5001=P59)),Health_Assessments!$G$2:$G$5001)) | S59: =IF(O59=0,"",LOOKUP(2,1/((Health_Assessments!$B$2:$B$5001=A59)*(Health_Assessments!$C$2:$C$5001=P59)),Health_Assessments!$H$2:$H$5001)) | T59: =COUNTIF(Maintenance_Log!$B$2:$B$5001,A59) -> 0 | U59: =IF(T59=0,"",_xlfn.MAXIFS(Maintenance_Log!$D$2:$D$5001,Maintenance_Log!$B$2:$B$5001,A59)) | V59: =COUNTIFS(Maintenance_Log!$B$2:$B$5001,A59,Maintenance_Log!$H$2:$H$5001,"<>Completed",Maintenance_Log!$H$2:$H$5001,"<>Cancelled") -> 0
A60: SHW-0059 | B60: Sherwood Arboretum | C60: 59 | D60: -27.53232 | E60: 152.97418 | F60: Agathis robusta | G60: Queensland kauri pine | H60: Araucariaceae | I60: 12 | J60: 7 | K60: 330 | M60: NALL-CV-2257, NALL-SNV-881 | N60: No | O60: =COUNTIF(Health_Assessments!$B$2:$B$5001,A60) -> 0 | P60: =IF(O60=0,"",_xlfn.MAXIFS(Health_Assessments!$C$2:$C$5001,Health_Assessments!$B$2:$B$5001,A60)) | Q60: =IF(O60=0,"",LOOKUP(2,1/((Health_Assessments!$B$2:$B$5001=A60)*(Health_Assessments!$C$2:$C$5001=P60)),Health_Assessments!$E$2:$E$5001)) | R60: =IF(O60=0,"",LOOKUP(2,1/((Health_Assessments!$B$2:$B$5001=A60)*(Health_Assessments!$C$2:$C$5001=P60)),Health_Assessments!$G$2:$G$5001)) | S60: =IF(O60=0,"",LOOKUP(2,1/((Health_Assessments!$B$2:$B$5001=A60)*(Health_Assessments!$C$2:$C$5001=P60)),Health_Assessments!$H$2:$H$5001)) | T60: =COUNTIF(Maintenance_Log!$B$2:$B$5001,A60) -> 0 | U60: =IF(T60=0,"",_xlfn.MAXIFS(Maintenance_Log!$D$2:$D$5001,Maintenance_Log!$B$2:$B$5001,A60)) | V60: =COUNTIFS(Maintenance_Log!$B$2:$B$5001,A60,Maintenance_Log!$H$2:$H$5001,"<>Completed",Maintenance_Log!$H$2:$H$5001,"<>Cancelled") -> 0
A61: SHW-0060 | B61: Sherwood Arboretum | C61: 60 | D61: -27.532365 | E61: 152.97406 | F61: Agathis robusta | G61: Queensland kauri pine | H61: Araucariaceae | I61: 14 | J61: 8 | K61: 440 | M61: NALL-CV-2257, NALL-SNV-881 | N61: No | O61: =COUNTIF(Health_Assessments!$B$2:$B$5001,A61) -> 0 | P61: =IF(O61=0,"",_xlfn.MAXIFS(Health_Assessments!$C$2:$C$5001,Health_Assessments!$B$2:$B$5001,A61)) | Q61: =IF(O61=0,"",LOOKUP(2,1/((Health_Assessments!$B$2:$B$5001=A61)*(Health_Assessments!$C$2:$C$5001=P61)),Health_Assessments!$E$2:$E$5001)) | R61: =IF(O61=0,"",LOOKUP(2,1/((Health_Assessments!$B$2:$B$5001=A61)*(Health_Assessments!$C$2:$C$5001=P61)),Health_Assessments!$G$2:$G$5001)) | S61: =IF(O61=0,"",LOOKUP(2,1/((Health_Assessments!$B$2:$B$5001=A61)*(Health_Assessments!$C$2:$C$5001=P61)),Health_Assessments!$H$2:$H$5001)) | T61: =COUNTIF(Maintenance_Log!$B$2:$B$5001,A61) -> 0 | U61: =IF(T61=0,"",_xlfn.MAXIFS(Maintenance_Log!$D$2:$D$5001,Maintenance_Log!$B$2:$B$5001,A61)) | V61: =COUNTIFS(Maintenance_Log!$B$2:$B$5001,A61,Maintenance_Log!$H$2:$H$5001,"<>Completed",Maintenance_Log!$H$2:$H$5001,"<>Cancelled") -> 0
A62: SHW-0061 | B62: Sherwood Arboretum | C62: 61 | D62: -27.532447 | E62: 152.97419 | F62: Agathis robusta | G62: Queensland kauri pine | H62: Araucariaceae | I62: 16 | J62: 8 | K62: 460 | M62: NALL-CV-2257, NALL-SNV-881 | N62: No | O62: =COUNTIF(Health_Assessments!$B$2:$B$5001,A62) -> 0 | P62: =IF(O62=0,"",_xlfn.MAXIFS(Health_Assessments!$C$2:$C$5001,Health_Assessments!$B$2:$B$5001,A62)) | Q62: =IF(O62=0,"",LOOKUP(2,1/((Health_Assessments!$B$2:$B$5001=A62)*(Health_Assessments!$C$2:$C$5001=P62)),Health_Assessments!$E$2:$E$5001)) | R62: =IF(O62=0,"",LOOKUP(2,1/((Health_Assessments!$B$2:$B$5001=A62)*(Health_Assessments!$C$2:$C$5001=P62)),Health_Assessments!$G$2:$G$5001)) | S62: =IF(O62=0,"",LOOKUP(2,1/((Health_Assessments!$B$2:$B$5001=A62)*(Health_Assessments!$C$2:$C$5001=P62)),Health_Assessments!$H$2:$H$5001)) | T62: =COUNTIF(Maintenance_Log!$B$2:$B$5001,A62) -> 0 | U62: =IF(T62=0,"",_xlfn.MAXIFS(Maintenance_Log!$D$2:$D$5001,Maintenance_Log!$B$2:$B$5001,A62)) | V62: =COUNTIFS(Maintenance_Log!$B$2:$B$5001,A62,Maintenance_Log!$H$2:$H$5001,"<>Completed",Maintenance_Log!$H$2:$H$5001,"<>Cancelled") -> 0
A63: SHW-0062 | B63: Sherwood Arboretum | C63: 62 | D63: -27.532475 | E63: 152.97407 | F63: Agathis robusta | G63: Queensland kauri pine | H63: Araucariaceae | I63: 16 | J63: 6 | K63: 440 | M63: NALL-CV-2257, NALL-SNV-881 | N63: No | O63: =COUNTIF(Health_Assessments!$B$2:$B$5001,A63) -> 0 | P63: =IF(O63=0,"",_xlfn.MAXIFS(Health_Assessments!$C$2:$C$5001,Health_Assessments!$B$2:$B$5001,A63)) | Q63: =IF(O63=0,"",LOOKUP(2,1/((Health_Assessments!$B$2:$B$5001=A63)*(Health_Assessments!$C$2:$C$5001=P63)),Health_Assessments!$E$2:$E$5001)) | R63: =IF(O63=0,"",LOOKUP(2,1/((Health_Assessments!$B$2:$B$5001=A63)*(Health_Assessments!$C$2:$C$5001=P63)),Health_Assessments!$G$2:$G$5001)) | S63: =IF(O63=0,"",LOOKUP(2,1/((Health_Assessments!$B$2:$B$5001=A63)*(Health_Assessments!$C$2:$C$5001=P63)),Health_Assessments!$H$2:$H$5001)) | T63: =COUNTIF(Maintenance_Log!$B$2:$B$5001,A63) -> 0 | U63: =IF(T63=0,"",_xlfn.MAXIFS(Maintenance_Log!$D$2:$D$5001,Maintenance_Log!$B$2:$B$5001,A63)) | V63: =COUNTIFS(Maintenance_Log!$B$2:$B$5001,A63,Maintenance_Log!$H$2:$H$5001,"<>Completed",Maintenance_Log!$H$2:$H$5001,"<>Cancelled") -> 0
A64: SHW-0063 | B64: Sherwood Arboretum | C64: 63 | D64: -27.53255 | E64: 152.97421 | F64: Agathis robusta | G64: Queensland kauri pine | H64: Araucariaceae | I64: 18 | J64: 11 | K64: 530 | M64: NALL-CV-2257, NALL-SNV-881 | N64: No | O64: =COUNTIF(Health_Assessments!$B$2:$B$5001,A64) -> 0 | P64: =IF(O64=0,"",_xlfn.MAXIFS(Health_Assessments!$C$2:$C$5001,Health_Assessments!$B$2:$B$5001,A64)) | Q64: =IF(O64=0,"",LOOKUP(2,1/((Health_Assessments!$B$2:$B$5001=A64)*(Health_Assessments!$C$2:$C$5001=P64)),Health_Assessments!$E$2:$E$5001)) | R64: =IF(O64=0,"",LOOKUP(2,1/((Health_Assessments!$B$2:$B$5001=A64)*(Health_Assessments!$C$2:$C$5001=P64)),Health_Assessments!$G$2:$G$5001)) | S64: =IF(O64=0,"",LOOKUP(2,1/((Health_Assessments!$B$2:$B$5001=A64)*(Health_Assessments!$C$2:$C$5001=P64)),Health_Assessments!$H$2:$H$5001)) | T64: =COUNTIF(Maintenance_Log!$B$2:$B$5001,A64) -> 0 | U64: =IF(T64=0,"",_xlfn.MAXIFS(Maintenance_Log!$D$2:$D$5001,Maintenance_Log!$B$2:$B$5001,A64)) | V64: =COUNTIFS(Maintenance_Log!$B$2:$B$5001,A64,Maintenance_Log!$H$2:$H$5001,"<>Completed",Maintenance_Log!$H$2:$H$5001,"<>Cancelled") -> 0
A65: SHW-0064 | B65: Sherwood Arboretum | C65: 64 | D65: -27.53258 | E65: 152.97409 | F65: Agathis robusta | G65: Queensland kauri pine | H65: Araucariaceae | I65: 17 | J65: 8 | K65: 440 | M65: NALL-CV-2257, NALL-SNV-881 | N65: No | O65: =COUNTIF(Health_Assessments!$B$2:$B$5001,A65) -> 0 | P65: =IF(O65=0,"",_xlfn.MAXIFS(Health_Assessments!$C$2:$C$5001,Health_Assessments!$B$2:$B$5001,A65)) | Q65: =IF(O65=0,"",LOOKUP(2,1/((Health_Assessments!$B$2:$B$5001=A65)*(Health_Assessments!$C$2:$C$5001=P65)),Health_Assessments!$E$2:$E$5001)) | R65: =IF(O65=0,"",LOOKUP(2,1/((Health_Assessments!$B$2:$B$5001=A65)*(Health_Assessments!$C$2:$C$5001=P65)),Health_Assessments!$G$2:$G$5001)) | S65: =IF(O65=0,"",LOOKUP(2,1/((Health_Assessments!$B$2:$B$5001=A65)*(Health_Assessments!$C$2:$C$5001=P65)),Health_Assessments!$H$2:$H$5001)) | T65: =COUNTIF(Maintenance_Log!$B$2:$B$5001,A65) -> 0 | U65: =IF(T65=0,"",_xlfn.MAXIFS(Maintenance_Log!$D$2:$D$5001,Maintenance_Log!$B$2:$B$5001,A65)) | V65: =COUNTIFS(Maintenance_Log!$B$2:$B$5001,A65,Maintenance_Log!$H$2:$H$5001,"<>Completed",Maintenance_Log!$H$2:$H$5001,"<>Cancelled") -> 0
A66: SHW-0065 | B66: Sherwood Arboretum | C66: 65 | D66: -27.532658 | E66: 152.97424 | F66: Agathis robusta | G66: Queensland kauri pine | H66: Araucariaceae | I66: 15 | J66: 9 | K66: 410 | M66: NALL-CV-2257, NALL-SNV-881 | N66: No | O66: =COUNTIF(Health_Assessments!$B$2:$B$5001,A66) -> 0 | P66: =IF(O66=0,"",_xlfn.MAXIFS(Health_Assessments!$C$2:$C$5001,Health_Assessments!$B$2:$B$5001,A66)) | Q66: =IF(O66=0,"",LOOKUP(2,1/((Health_Assessments!$B$2:$B$5001=A66)*(Health_Assessments!$C$2:$C$5001=P66)),Health_Assessments!$E$2:$E$5001)) | R66: =IF(O66=0,"",LOOKUP(2,1/((Health_Assessments!$B$2:$B$5001=A66)*(Health_Assessments!$C$2:$C$5001=P66)),Health_Assessments!$G$2:$G$5001)) | S66: =IF(O66=0,"",LOOKUP(2,1/((Health_Assessments!$B$2:$B$5001=A66)*(Health_Assessments!$C$2:$C$5001=P66)),Health_Assessments!$H$2:$H$5001)) | T66: =COUNTIF(Maintenance_Log!$B$2:$B$5001,A66) -> 0 | U66: =IF(T66=0,"",_xlfn.MAXIFS(Maintenance_Log!$D$2:$D$5001,Maintenance_Log!$B$2:$B$5001,A66)) | V66: =COUNTIFS(Maintenance_Log!$B$2:$B$5001,A66,Maintenance_Log!$H$2:$H$5001,"<>Completed",Maintenance_Log!$H$2:$H$5001,"<>Cancelled") -> 0
... A73: SHW-0072 | B73: Sherwood Arboretum | C73: 72 | D73: -27.533014 | E73: 152.97417 | F73: Agathis robusta | G73: Queensland kauri pine | H73: Araucariaceae | I73: 17 | J73: 12 | K73: 380 | M73: NALL-CV-2257, NALL-SNV-881 | N73: No | O73: =COUNTIF(Health_Assessments!$B$2:$B$5001,A73) -> 0 | P73: =IF(O73=0,"",_xlfn.MAXIFS(Health_Assessments!$C$2:$C$5001,Health_Assessments!$B$2:$B$5001,A73)) | Q73: =IF(O73=0,"",LOOKUP(2,1/((Health_Assessments!$B$2:$B$5001=A73)*(Health_Assessments!$C$2:$C$5001=P73)),Health_Assessments!$E$2:$E$5001)) | R73: =IF(O73=0,"",LOOKUP(2,1/((Health_Assessments!$B$2:$B$5001=A73)*(Health_Assessments!$C$2:$C$5001=P73)),Health_Assessments!$G$2:$G$5001)) | S73: =IF(O73=0,"",LOOKUP(2,1/((Health_Assessments!$B$2:$B$5001=A73)*(Health_Assessments!$C$2:$C$5001=P73)),Health_Assessments!$H$2:$H$5001)) | T73: =COUNTIF(Maintenance_Log!$B$2:$B$5001,A73) -> 0 | U73: =IF(T73=0,"",_xlfn.MAXIFS(Maintenance_Log!$D$2:$D$5001,Maintenance_Log!$B$2:$B$5001,A73)) | V73: =COUNTIFS(Maintenance_Log!$B$2:$B$5001,A73,Maintenance_Log!$H$2:$H$5001,"<>Completed",Maintenance_Log!$H$2:$H$5001,"<>Cancelled") -> 0
A74: SHW-0073 | B74: Sherwood Arboretum | C74: 73 | D74: -27.533233 | E74: 152.97507 | F74: Waterhousea floribunda | G74: Weeping Lillypilly | H74: Myrtaceae | I74: 3 | J74: 4 | K74: 220 | N74: No | O74: =COUNTIF(Health_Assessments!$B$2:$B$5001,A74) -> 0 | P74: =IF(O74=0,"",_xlfn.MAXIFS(Health_Assessments!$C$2:$C$5001,Health_Assessments!$B$2:$B$5001,A74)) | Q74: =IF(O74=0,"",LOOKUP(2,1/((Health_Assessments!$B$2:$B$5001=A74)*(Health_Assessments!$C$2:$C$5001=P74)),Health_Assessments!$E$2:$E$5001)) | R74: =IF(O74=0,"",LOOKUP(2,1/((Health_Assessments!$B$2:$B$5001=A74)*(Health_Assessments!$C$2:$C$5001=P74)),Health_Assessments!$G$2:$G$5001)) | S74: =IF(O74=0,"",LOOKUP(2,1/((Health_Assessments!$B$2:$B$5001=A74)*(Health_Assessments!$C$2:$C$5001=P74)),Health_Assessments!$H$2:$H$5001)) | T74: =COUNTIF(Maintenance_Log!$B$2:$B$5001,A74) -> 0 | U74: =IF(T74=0,"",_xlfn.MAXIFS(Maintenance_Log!$D$2:$D$5001,Maintenance_Log!$B$2:$B$5001,A74)) | V74: =COUNTIFS(Maintenance_Log!$B$2:$B$5001,A74,Maintenance_Log!$H$2:$H$5001,"<>Completed",Maintenance_Log!$H$2:$H$5001,"<>Cancelled") -> 0
A75: SHW-0074 | B75: Sherwood Arboretum | C75: 74 | D75: -27.533232 | E75: 152.97504 | F75: Waterhousea floribunda | G75: Weeping Lillypilly | H75: Myrtaceae | I75: 6 | J75: 5 | K75: 130 | N75: No | O75: =COUNTIF(Health_Assessments!$B$2:$B$5001,A75) -> 0 | P75: =IF(O75=0,"",_xlfn.MAXIFS(Health_Assessments!$C$2:$C$5001,Health_Assessments!$B$2:$B$5001,A75)) | Q75: =IF(O75=0,"",LOOKUP(2,1/((Health_Assessments!$B$2:$B$5001=A75)*(Health_Assessments!$C$2:$C$5001=P75)),Health_Assessments!$E$2:$E$5001)) | R75: =IF(O75=0,"",LOOKUP(2,1/((Health_Assessments!$B$2:$B$5001=A75)*(Health_Assessments!$C$2:$C$5001=P75)),Health_Assessments!$G$2:$G$5001)) | S75: =IF(O75=0,"",LOOKUP(2,1/((Health_Assessments!$B$2:$B$5001=A75)*(Health_Assessments!$C$2:$C$5001=P75)),Health_Assessments!$H$2:$H$5001)) | T75: =COUNTIF(Maintenance_Log!$B$2:$B$5001,A75) -> 0 | U75: =IF(T75=0,"",_xlfn.MAXIFS(Maintenance_Log!$D$2:$D$5001,Maintenance_Log!$B$2:$B$5001,A75)) | V75: =COUNTIFS(Maintenance_Log!$B$2:$B$5001,A75,Maintenance_Log!$H$2:$H$5001,"<>Completed",Maintenance_Log!$H$2:$H$5001,"<>Cancelled") -> 0
A76: SHW-0075 | B76: Sherwood Arboretum | C76: 75 | D76: -27.533218 | E76: 152.97501 | F76: Waterhousea floribunda | G76: Weeping Lillypilly | H76: Myrtaceae | I76: 5 | J76: 4 | K76: 200 | N76: No | O76: =COUNTIF(Health_Assessments!$B$2:$B$5001,A76) -> 0 | P76: =IF(O76=0,"",_xlfn.MAXIFS(Health_Assessments!$C$2:$C$5001,Health_Assessments!$B$2:$B$5001,A76)) | Q76: =IF(O76=0,"",LOOKUP(2,1/((Health_Assessments!$B$2:$B$5001=A76)*(Health_Assessments!$C$2:$C$5001=P76)),Health_Assessments!$E$2:$E$5001)) | R76: =IF(O76=0,"",LOOKUP(2,1/((Health_Assessments!$B$2:$B$5001=A76)*(Health_Assessments!$C$2:$C$5001=P76)),Health_Assessments!$G$2:$G$5001)) | S76: =IF(O76=0,"",LOOKUP(2,1/((Health_Assessments!$B$2:$B$5001=A76)*(Health_Assessments!$C$2:$C$5001=P76)),Health_Assessments!$H$2:$H$5001)) | T76: =COUNTIF(Maintenance_Log!$B$2:$B$5001,A76) -> 0 | U76: =IF(T76=0,"",_xlfn.MAXIFS(Maintenance_Log!$D$2:$D$5001,Maintenance_Log!$B$2:$B$5001,A76)) | V76: =COUNTIFS(Maintenance_Log!$B$2:$B$5001,A76,Maintenance_Log!$H$2:$H$5001,"<>Completed",Maintenance_Log!$H$2:$H$5001,"<>Cancelled") -> 0
A77: SHW-0076 | B77: Sherwood Arboretum | C77: 76 | D77: -27.533217 | E77: 152.97528 | F77: Syzygium hemilamprum | G77: Broad-leaved lilly pilly | H77: Myrtaceae | I77: 3 | J77: 3 | K77: 170 | N77: No | O77: =COUNTIF(Health_Assessments!$B$2:$B$5001,A77) -> 0 | P77: =IF(O77=0,"",_xlfn.MAXIFS(Health_Assessments!$C$2:$C$5001,Health_Assessments!$B$2:$B$5001,A77)) | Q77: =IF(O77=0,"",LOOKUP(2,1/((Health_Assessments!$B$2:$B$5001=A77)*(Health_Assessments!$C$2:$C$5001=P77)),Health_Assessments!$E$2:$E$5001)) | R77: =IF(O77=0,"",LOOKUP(2,1/((Health_Assessments!$B$2:$B$5001=A77)*(Health_Assessments!$C$2:$C$5001=P77)),Health_Assessments!$G$2:$G$5001)) | S77: =IF(O77=0,"",LOOKUP(2,1/((Health_Assessments!$B$2:$B$5001=A77)*(Health_Assessments!$C$2:$C$5001=P77)),Health_Assessments!$H$2:$H$5001)) | T77: =COUNTIF(Maintenance_Log!$B$2:$B$5001,A77) -> 0 | U77: =IF(T77=0,"",_xlfn.MAXIFS(Maintenance_Log!$D$2:$D$5001,Maintenance_Log!$B$2:$B$5001,A77)) | V77: =COUNTIFS(Maintenance_Log!$B$2:$B$5001,A77,Maintenance_Log!$H$2:$H$5001,"<>Completed",Maintenance_Log!$H$2:$H$5001,"<>Cancelled") -> 0
A78: SHW-0078 | B78: Sherwood Arboretum | C78: 78 | D78: -27.533197 | E78: 152.97518 | F78: Ficus virens var. sublanceolata | G78: White Fig | H78: Moraceae | I78: 14 | J78: 22 | K78: 1200 | M78: NALL-WWV-2529 | N78: No | O78: =COUNTIF(Health_Assessments!$B$2:$B$5001,A78) -> 0 | P78: =IF(O78=0,"",_xlfn.MAXIFS(Health_Assessments!$C$2:$C$5001,Health_Assessments!$B$2:$B$5001,A78)) | Q78: =IF(O78=0,"",LOOKUP(2,1/((Health_Assessments!$B$2:$B$5001=A78)*(Health_Assessments!$C$2:$C$5001=P78)),Health_Assessments!$E$2:$E$5001)) | R78: =IF(O78=0,"",LOOKUP(2,1/((Health_Assessments!$B$2:$B$5001=A78)*(Health_Assessments!$C$2:$C$5001=P78)),Health_Assessments!$G$2:$G$5001)) | S78: =IF(O78=0,"",LOOKUP(2,1/((Health_Assessments!$B$2:$B$5001=A78)*(Health_Assessments!$C$2:$C$5001=P78)),Health_Assessments!$H$2:$H$5001)) | T78: =COUNTIF(Maintenance_Log!$B$2:$B$5001,A78) -> 0 | U78: =IF(T78=0,"",_xlfn.MAXIFS(Maintenance_Log!$D$2:$D$5001,Maintenance_Log!$B$2:$B$5001,A78)) | V78: =COUNTIFS(Maintenance_Log!$B$2:$B$5001,A78,Maintenance_Log!$H$2:$H$5001,"<>Completed",Maintenance_Log!$H$2:$H$5001,"<>Cancelled") -> 0
A79: SHW-0079 | B79: Sherwood Arboretum | C79: 79 | D79: -27.533192 | E79: 152.97529 | F79: Syzygium hemilamprum | G79: Broad-leaved lilly pilly | H79: Myrtaceae | I79: 0.5 | J79: 1 | K79: 20 | N79: No | O79: =COUNTIF(Health_Assessments!$B$2:$B$5001,A79) -> 0 | P79: =IF(O79=0,"",_xlfn.MAXIFS(Health_Assessments!$C$2:$C$5001,Health_Assessments!$B$2:$B$5001,A79)) | Q79: =IF(O79=0,"",LOOKUP(2,1/((Health_Assessments!$B$2:$B$5001=A79)*(Health_Assessments!$C$2:$C$5001=P79)),Health_Assessments!$E$2:$E$5001)) | R79: =IF(O79=0,"",LOOKUP(2,1/((Health_Assessments!$B$2:$B$5001=A79)*(Health_Assessments!$C$2:$C$5001=P79)),Health_Assessments!$G$2:$G$5001)) | S79: =IF(O79=0,"",LOOKUP(2,1/((Health_Assessments!$B$2:$B$5001=A79)*(Health_Assessments!$C$2:$C$5001=P79)),Health_Assessments!$H$2:$H$5001)) | T79: =COUNTIF(Maintenance_Log!$B$2:$B$5001,A79) -> 0 | U79: =IF(T79=0,"",_xlfn.MAXIFS(Maintenance_Log!$D$2:$D$5001,Maintenance_Log!$B$2:$B$5001,A79)) | V79: =COUNTIFS(Maintenance_Log!$B$2:$B$5001,A79,Maintenance_Log!$H$2:$H$5001,"<>Completed",Maintenance_Log!$H$2:$H$5001,"<>Cancelled") -> 0
A80: SHW-0080 | B80: Sherwood Arboretum | C80: 80 | D80: -27.533184 | E80: 152.97473 | F80: Syzygium luehmannii | G80: Small-leaved lilly pilly | H80: Myrtaceae | I80: 7 | J80: 5 | K80: 230 | N80: No | O80: =COUNTIF(Health_Assessments!$B$2:$B$5001,A80) -> 0 | P80: =IF(O80=0,"",_xlfn.MAXIFS(Health_Assessments!$C$2:$C$5001,Health_Assessments!$B$2:$B$5001,A80)) | Q80: =IF(O80=0,"",LOOKUP(2,1/((Health_Assessments!$B$2:$B$5001=A80)*(Health_Assessments!$C$2:$C$5001=P80)),Health_Assessments!$E$2:$E$5001)) | R80: =IF(O80=0,"",LOOKUP(2,1/((Health_Assessments!$B$2:$B$5001=A80)*(Health_Assessments!$C$2:$C$5001=P80)),Health_Assessments!$G$2:$G$5001)) | S80: =IF(O80=0,"",LOOKUP(2,1/((Health_Assessments!$B$2:$B$5001=A80)*(Health_Assessments!$C$2:$C$5001=P80)),Health_Assessments!$H$2:$H$5001)) | T80: =COUNTIF(Maintenance_Log!$B$2:$B$5001,A80) -> 0 | U80: =IF(T80=0,"",_xlfn.MAXIFS(Maintenance_Log!$D$2:$D$5001,Maintenance_Log!$B$2:$B$5001,A80)) | V80: =COUNTIFS(Maintenance_Log!$B$2:$B$5001,A80,Maintenance_Log!$H$2:$H$5001,"<>Completed",Maintenance_Log!$H$2:$H$5001,"<>Cancelled") -> 0
A81: SHW-0081 | B81: Sherwood Arboretum | C81: 81 | D81: -27.533181 | E81: 152.97469 | F81: Syzygium luehmannii | G81: Small-leaved lilly pilly | H81: Myrtaceae | I81: 6 | J81: 5 | K81: 230 | N81: No | O81: =COUNTIF(Health_Assessments!$B$2:$B$5001,A81) -> 0 | P81: =IF(O81=0,"",_xlfn.MAXIFS(Health_Assessments!$C$2:$C$5001,Health_Assessments!$B$2:$B$5001,A81)) | Q81: =IF(O81=0,"",LOOKUP(2,1/((Health_Assessments!$B$2:$B$5001=A81)*(Health_Assessments!$C$2:$C$5001=P81)),Health_Assessments!$E$2:$E$5001)) | R81: =IF(O81=0,"",LOOKUP(2,1/((Health_Assessments!$B$2:$B$5001=A81)*(Health_Assessments!$C$2:$C$5001=P81)),Health_Assessments!$G$2:$G$5001)) | S81: =IF(O81=0,"",LOOKUP(2,1/((Health_Assessments!$B$2:$B$5001=A81)*(Health_Assessments!$C$2:$C$5001=P81)),Health_Assessments!$H$2:$H$5001)) | T81: =COUNTIF(Maintenance_Log!$B$2:$B$5001,A81) -> 0 | U81: =IF(T81=0,"",_xlfn.MAXIFS(Maintenance_Log!$D$2:$D$5001,Maintenance_Log!$B$2:$B$5001,A81)) | V81: =COUNTIFS(Maintenance_Log!$B$2:$B$5001,A81,Maintenance_Log!$H$2:$H$5001,"<>Completed",Maintenance_Log!$H$2:$H$5001,"<>Cancelled") -> 0
A82: SHW-0082 | B82: Sherwood Arboretum | C82: 82 | D82: -27.533177 | E82: 152.97464 | F82: Syzygium luehmannii | G82: Small-leaved lilly pilly | H82: Myrtaceae | I82: 7 | J82: 4 | K82: 240 | N82: No | O82: =COUNTIF(Health_Assessments!$B$2:$B$5001,A82) -> 0 | P82: =IF(O82=0,"",_xlfn.MAXIFS(Health_Assessments!$C$2:$C$5001,Health_Assessments!$B$2:$B$5001,A82)) | Q82: =IF(O82=0,"",LOOKUP(2,1/((Health_Assessments!$B$2:$B$5001=A82)*(Health_Assessments!$C$2:$C$5001=P82)),Health_Assessments!$E$2:$E$5001)) | R82: =IF(O82=0,"",LOOKUP(2,1/((Health_Assessments!$B$2:$B$5001=A82)*(Health_Assessments!$C$2:$C$5001=P82)),Health_Assessments!$G$2:$G$5001)) | S82: =IF(O82=0,"",LOOKUP(2,1/((Health_Assessments!$B$2:$B$5001=A82)*(Health_Assessments!$C$2:$C$5001=P82)),Health_Assessments!$H$2:$H$5001)) | T82: =COUNTIF(Maintenance_Log!$B$2:$B$5001,A82) -> 0 | U82: =IF(T82=0,"",_xlfn.MAXIFS(Maintenance_Log!$D$2:$D$5001,Maintenance_Log!$B$2:$B$5001,A82)) | V82: =COUNTIFS(Maintenance_Log!$B$2:$B$5001,A82,Maintenance_Log!$H$2:$H$5001,"<>Completed",Maintenance_Log!$H$2:$H$5001,"<>Cancelled") -> 0
A83: SHW-0083 | B83: Sherwood Arboretum | C83: 83 | D83: -27.53317 | E83: 152.9746 | F83: Syzygium luehmannii | G83: Small-leaved lilly pilly | H83: Myrtaceae | I83: 8 | J83: 6 | K83: 310 | N83: No | O83: =COUNTIF(Health_Assessments!$B$2:$B$5001,A83) -> 0 | P83: =IF(O83=0,"",_xlfn.MAXIFS(Health_Assessments!$C$2:$C$5001,Health_Assessments!$B$2:$B$5001,A83)) | Q83: =IF(O83=0,"",LOOKUP(2,1/((Health_Assessments!$B$2:$B$5001=A83)*(Health_Assessments!$C$2:$C$5001=P83)),Health_Assessments!$E$2:$E$5001)) | R83: =IF(O83=0,"",LOOKUP(2,1/((Health_Assessments!$B$2:$B$5001=A83)*(Health_Assessments!$C$2:$C$5001=P83)),Health_Assessments!$G$2:$G$5001)) | S83: =IF(O83=0,"",LOOKUP(2,1/((Health_Assessments!$B$2:$B$5001=A83)*(Health_Assessments!$C$2:$C$5001=P83)),Health_Assessments!$H$2:$H$5001)) | T83: =COUNTIF(Maintenance_Log!$B$2:$B$5001,A83) -> 0 | U83: =IF(T83=0,"",_xlfn.MAXIFS(Maintenance_Log!$D$2:$D$5001,Maintenance_Log!$B$2:$B$5001,A83)) | V83: =COUNTIFS(Maintenance_Log!$B$2:$B$5001,A83,Maintenance_Log!$H$2:$H$5001,"<>Completed",Maintenance_Log!$H$2:$H$5001,"<>Cancelled") -> 0
A84: SHW-0084 | B84: Sherwood Arboretum | C84: 84 | D84: -27.533154 | E84: 152.97515 | F84: Jacaranda mimosifolia | G84: Jacaranda | H84: Bignoniaceae | I84: 12 | J84: 15 | K84: 520 | M84: NALL-CV-2257, NALL-SNV-881, NALL-WWV-2529 | N84: No | O84: =COUNTIF(Health_Assessments!$B$2:$B$5001,A84) -> 0 | P84: =IF(O84=0,"",_xlfn.MAXIFS(Health_Assessments!$C$2:$C$5001,Health_Assessments!$B$2:$B$5001,A84)) | Q84: =IF(O84=0,"",LOOKUP(2,1/((Health_Assessments!$B$2:$B$5001=A84)*(Health_Assessments!$C$2:$C$5001=P84)),Health_Assessments!$E$2:$E$5001)) | R84: =IF(O84=0,"",LOOKUP(2,1/((Health_Assessments!$B$2:$B$5001=A84)*(Health_Assessments!$C$2:$C$5001=P84)),Health_Assessments!$G$2:$G$5001)) | S84: =IF(O84=0,"",LOOKUP(2,1/((Health_Assessments!$B$2:$B$5001=A84)*(Health_Assessments!$C$2:$C$5001=P84)),Health_Assessments!$H$2:$H$5001)) | T84: =COUNTIF(Maintenance_Log!$B$2:$B$5001,A84) -> 0 | U84: =IF(T84=0,"",_xlfn.MAXIFS(Maintenance_Log!$D$2:$D$5001,Maintenance_Log!$B$2:$B$5001,A84)) | V84: =COUNTIFS(Maintenance_Log!$B$2:$B$5001,A84,Maintenance_Log!$H$2:$H$5001,"<>Completed",Maintenance_Log!$H$2:$H$5001,"<>Cancelled") -> 0
A85: SHW-0085 | B85: Sherwood Arboretum | C85: 85 | D85: -27.533044 | E85: 152.97466 | F85: Podocarpus elatus | G85: Brown Pine | H85: Podocarpaceae | I85: 11 | J85: 6 | K85: 330 | M85: NALL-CV-2257, NALL-SNV-881, NALL-WWV-2529 | N85: No | O85: =COUNTIF(Health_Assessments!$B$2:$B$5001,A85) -> 0 | P85: =IF(O85=0,"",_xlfn.MAXIFS(Health_Assessments!$C$2:$C$5001,Health_Assessments!$B$2:$B$5001,A85)) | Q85: =IF(O85=0,"",LOOKUP(2,1/((Health_Assessments!$B$2:$B$5001=A85)*(Health_Assessments!$C$2:$C$5001=P85)),Health_Assessments!$E$2:$E$5001)) | R85: =IF(O85=0,"",LOOKUP(2,1/((Health_Assessments!$B$2:$B$5001=A85)*(Health_Assessments!$C$2:$C$5001=P85)),Health_Assessments!$G$2:$G$5001)) | S85: =IF(O85=0,"",LOOKUP(2,1/((Health_Assessments!$B$2:$B$5001=A85)*(Health_Assessments!$C$2:$C$5001=P85)),Health_Assessments!$H$2:$H$5001)) | T85: =COUNTIF(Maintenance_Log!$B$2:$B$5001,A85) -> 0 | U85: =IF(T85=0,"",_xlfn.MAXIFS(Maintenance_Log!$D$2:$D$5001,Maintenance_Log!$B$2:$B$5001,A85)) | V85: =COUNTIFS(Maintenance_Log!$B$2:$B$5001,A85,Maintenance_Log!$H$2:$H$5001,"<>Completed",Maintenance_Log!$H$2:$H$5001,"<>Cancelled") -> 0
A86: SHW-0086 | B86: Sherwood Arboretum | C86: 86 | D86: -27.533028 | E86: 152.97452 | F86: Harpullia pendula | G86: Tulipwood | H86: Sapindaceae | I86: 5 | J86: 5 | K86: 150 | M86: NALL-CV-2257, NALL-SNV-881, NALL-WWV-2529 | N86: No | O86: =COUNTIF(Health_Assessments!$B$2:$B$5001,A86) -> 0 | P86: =IF(O86=0,"",_xlfn.MAXIFS(Health_Assessments!$C$2:$C$5001,Health_Assessments!$B$2:$B$5001,A86)) | Q86: =IF(O86=0,"",LOOKUP(2,1/((Health_Assessments!$B$2:$B$5001=A86)*(Health_Assessments!$C$2:$C$5001=P86)),Health_Assessments!$E$2:$E$5001)) | R86: =IF(O86=0,"",LOOKUP(2,1/((Health_Assessments!$B$2:$B$5001=A86)*(Health_Assessments!$C$2:$C$5001=P86)),Health_Assessments!$G$2:$G$5001)) | S86: =IF(O86=0,"",LOOKUP(2,1/((Health_Assessments!$B$2:$B$5001=A86)*(Health_Assessments!$C$2:$C$5001=P86)),Health_Assessments!$H$2:$H$5001)) | T86: =COUNTIF(Maintenance_Log!$B$2:$B$5001,A86) -> 0 | U86: =IF(T86=0,"",_xlfn.MAXIFS(Maintenance_Log!$D$2:$D$5001,Maintenance_Log!$B$2:$B$5001,A86)) | V86: =COUNTIFS(Maintenance_Log!$B$2:$B$5001,A86,Maintenance_Log!$H$2:$H$5001,"<>Completed",Maintenance_Log!$H$2:$H$5001,"<>Cancelled") -> 0
A87: SHW-0087 | B87: Sherwood Arboretum | C87: 87 | D87: -27.533025 | E87: 152.97412 | F87: Melaleuca viminalis subsp. viminalis | G87: Weeping bottlebrush | H87: Myrtaceae | I87: 6 | J87: 5 | K87: 200 | M87: NALL-CV-2257, NALL-SNV-881 | N87: No | O87: =COUNTIF(Health_Assessments!$B$2:$B$5001,A87) -> 0 | P87: =IF(O87=0,"",_xlfn.MAXIFS(Health_Assessments!$C$2:$C$5001,Health_Assessments!$B$2:$B$5001,A87)) | Q87: =IF(O87=0,"",LOOKUP(2,1/((Health_Assessments!$B$2:$B$5001=A87)*(Health_Assessments!$C$2:$C$5001=P87)),Health_Assessments!$E$2:$E$5001)) | R87: =IF(O87=0,"",LOOKUP(2,1/((Health_Assessments!$B$2:$B$5001=A87)*(Health_Assessments!$C$2:$C$5001=P87)),Health_Assessments!$G$2:$G$5001)) | S87: =IF(O87=0,"",LOOKUP(2,1/((Health_Assessments!$B$2:$B$5001=A87)*(Health_Assessments!$C$2:$C$5001=P87)),Health_Assessments!$H$2:$H$5001)) | T87: =COUNTIF(Maintenance_Log!$B$2:$B$5001,A87) -> 0 | U87: =IF(T87=0,"",_xlfn.MAXIFS(Maintenance_Log!$D$2:$D$5001,Maintenance_Log!$B$2:$B$5001,A87)) | V87: =COUNTIFS(Maintenance_Log!$B$2:$B$5001,A87,Maintenance_Log!$H$2:$H$5001,"<>Completed",Maintenance_Log!$H$2:$H$5001,"<>Cancelled") -> 0
A88: SHW-0088 | B88: Sherwood Arboretum | C88: 88 | D88: -27.53302 | E88: 152.97416 | F88: Melaleuca viminalis subsp. viminalis | G88: Weeping bottlebrush | H88: Myrtaceae | I88: 7 | J88: 6 | K88: 260 | M88: NALL-CV-2257, NALL-SNV-881 | N88: No | O88: =COUNTIF(Health_Assessments!$B$2:$B$5001,A88) -> 0 | P88: =IF(O88=0,"",_xlfn.MAXIFS(Health_Assessments!$C$2:$C$5001,Health_Assessments!$B$2:$B$5001,A88)) | Q88: =IF(O88=0,"",LOOKUP(2,1/((Health_Assessments!$B$2:$B$5001=A88)*(Health_Assessments!$C$2:$C$5001=P88)),Health_Assessments!$E$2:$E$5001)) | R88: =IF(O88=0,"",LOOKUP(2,1/((Health_Assessments!$B$2:$B$5001=A88)*(Health_Assessments!$C$2:$C$5001=P88)),Health_Assessments!$G$2:$G$5001)) | S88: =IF(O88=0,"",LOOKUP(2,1/((Health_Assessments!$B$2:$B$5001=A88)*(Health_Assessments!$C$2:$C$5001=P88)),Health_Assessments!$H$2:$H$5001)) | T88: =COUNTIF(Maintenance_Log!$B$2:$B$5001,A88) -> 0 | U88: =IF(T88=0,"",_xlfn.MAXIFS(Maintenance_Log!$D$2:$D$5001,Maintenance_Log!$B$2:$B$5001,A88)) | V88: =COUNTIFS(Maintenance_Log!$B$2:$B$5001,A88,Maintenance_Log!$H$2:$H$5001,"<>Completed",Maintenance_Log!$H$2:$H$5001,"<>Cancelled") -> 0
A89: SHW-0089 | B89: Sherwood Arboretum | C89: 89 | D89: -27.533005 | E89: 152.97524 | F89: Barklya syringifolia | G89: Crown of gold | H89: Fabaceae | I89: 5 | J89: 3 | K89: 140 | M89: NALL-CV-2257, NALL-SNV-881, NALL-WWV-2529 | N89: No | O89: =COUNTIF(Health_Assessments!$B$2:$B$5001,A89) -> 0 | P89: =IF(O89=0,"",_xlfn.MAXIFS(Health_Assessments!$C$2:$C$5001,Health_Assessments!$B$2:$B$5001,A89)) | Q89: =IF(O89=0,"",LOOKUP(2,1/((Health_Assessments!$B$2:$B$5001=A89)*(Health_Assessments!$C$2:$C$5001=P89)),Health_Assessments!$E$2:$E$5001)) | R89: =IF(O89=0,"",LOOKUP(2,1/((Health_Assessments!$B$2:$B$5001=A89)*(Health_Assessments!$C$2:$C$5001=P89)),Health_Assessments!$G$2:$G$5001)) | S89: =IF(O89=0,"",LOOKUP(2,1/((Health_Assessments!$B$2:$B$5001=A89)*(Health_Assessments!$C$2:$C$5001=P89)),Health_Assessments!$H$2:$H$5001)) | T89: =COUNTIF(Maintenance_Log!$B$2:$B$5001,A89) -> 0 | U89: =IF(T89=0,"",_xlfn.MAXIFS(Maintenance_Log!$D$2:$D$5001,Maintenance_Log!$B$2:$B$5001,A89)) | V89: =COUNTIFS(Maintenance_Log!$B$2:$B$5001,A89,Maintenance_Log!$H$2:$H$5001,"<>Completed",Maintenance_Log!$H$2:$H$5001,"<>Cancelled") -> 0
A90: SHW-0092 | B90: Sherwood Arboretum | C90: 92 | D90: -27.532993 | E90: 152.97405 | F90: Eucalyptus longirostrata | G90: Grey gum | H90: Myrtaceae | I90: 20 | J90: 16 | K90: 890 | M90: NALL-CV-2257, NALL-SNV-881 | N90: No | O90: =COUNTIF(Health_Assessments!$B$2:$B$5001,A90) -> 0 | P90: =IF(O90=0,"",_xlfn.MAXIFS(Health_Assessments!$C$2:$C$5001,Health_Assessments!$B$2:$B$5001,A90)) | Q90: =IF(O90=0,"",LOOKUP(2,1/((Health_Assessments!$B$2:$B$5001=A90)*(Health_Assessments!$C$2:$C$5001=P90)),Health_Assessments!$E$2:$E$5001)) | R90: =IF(O90=0,"",LOOKUP(2,1/((Health_Assessments!$B$2:$B$5001=A90)*(Health_Assessments!$C$2:$C$5001=P90)),Health_Assessments!$G$2:$G$5001)) | S90: =IF(O90=0,"",LOOKUP(2,1/((Health_Assessments!$B$2:$B$5001=A90)*(Health_Assessments!$C$2:$C$5001=P90)),Health_Assessments!$H$2:$H$5001)) | T90: =COUNTIF(Maintenance_Log!$B$2:$B$5001,A90) -> 0 | U90: =IF(T90=0,"",_xlfn.MAXIFS(Maintenance_Log!$D$2:$D$5001,Maintenance_Log!$B$2:$B$5001,A90)) | V90: =COUNTIFS(Maintenance_Log!$B$2:$B$5001,A90,Maintenance_Log!$H$2:$H$5001,"<>Completed",Maintenance_Log!$H$2:$H$5001,"<>Cancelled") -> 0
A91: SHW-0093 | B91: Sherwood Arboretum | C91: 93 | D91: -27.532985 | E91: 152.97475 | F91: Eucalyptus tereticornis subsp. tereticornis | G91: Forest red gum | H91: Myrtaceae | I91: 9 | J91: 3 | K91: 170 | M91: NALL-CV-2257, NALL-SNV-881, NALL-WWV-2529 | N91: No | O91: =COUNTIF(Health_Assessments!$B$2:$B$5001,A91) -> 0 | P91: =IF(O91=0,"",_xlfn.MAXIFS(Health_Assessments!$C$2:$C$5001,Health_Assessments!$B$2:$B$5001,A91)) | Q91: =IF(O91=0,"",LOOKUP(2,1/((Health_Assessments!$B$2:$B$5001=A91)*(Health_Assessments!$C$2:$C$5001=P91)),Health_Assessments!$E$2:$E$5001)) | R91: =IF(O91=0,"",LOOKUP(2,1/((Health_Assessments!$B$2:$B$5001=A91)*(Health_Assessments!$C$2:$C$5001=P91)),Health_Assessments!$G$2:$G$5001)) | S91: =IF(O91=0,"",LOOKUP(2,1/((Health_Assessments!$B$2:$B$5001=A91)*(Health_Assessments!$C$2:$C$5001=P91)),Health_Assessments!$H$2:$H$5001)) | T91: =COUNTIF(Maintenance_Log!$B$2:$B$5001,A91) -> 0 | U91: =IF(T91=0,"",_xlfn.MAXIFS(Maintenance_Log!$D$2:$D$5001,Maintenance_Log!$B$2:$B$5001,A91)) | V91: =COUNTIFS(Maintenance_Log!$B$2:$B$5001,A91,Maintenance_Log!$H$2:$H$5001,"<>Completed",Maintenance_Log!$H$2:$H$5001,"<>Cancelled") -> 0
A92: SHW-0094 | B92: Sherwood Arboretum | C92: 94 | D92: -27.532983 | E92: 152.97531 | F92: Tipuana tipu | G92: Rosewood, tipuana tree | H92: Fabaceae | I92: 14 | J92: 18 | K92: 680 | M92: NALL-CV-2257, NALL-SNV-881, NALL-WWV-2529 | N92: No | O92: =COUNTIF(Health_Assessments!$B$2:$B$5001,A92) -> 0 | P92: =IF(O92=0,"",_xlfn.MAXIFS(Health_Assessments!$C$2:$C$5001,Health_Assessments!$B$2:$B$5001,A92)) | Q92: =IF(O92=0,"",LOOKUP(2,1/((Health_Assessments!$B$2:$B$5001=A92)*(Health_Assessments!$C$2:$C$5001=P92)),Health_Assessments!$E$2:$E$5001)) | R92: =IF(O92=0,"",LOOKUP(2,1/((Health_Assessments!$B$2:$B$5001=A92)*(Health_Assessments!$C$2:$C$5001=P92)),Health_Assessments!$G$2:$G$5001)) | S92: =IF(O92=0,"",LOOKUP(2,1/((Health_Assessments!$B$2:$B$5001=A92)*(Health_Assessments!$C$2:$C$5001=P92)),Health_Assessments!$H$2:$H$5001)) | T92: =COUNTIF(Maintenance_Log!$B$2:$B$5001,A92) -> 0 | U92: =IF(T92=0,"",_xlfn.MAXIFS(Maintenance_Log!$D$2:$D$5001,Maintenance_Log!$B$2:$B$5001,A92)) | V92: =COUNTIFS(Maintenance_Log!$B$2:$B$5001,A92,Maintenance_Log!$H$2:$H$5001,"<>Completed",Maintenance_Log!$H$2:$H$5001,"<>Cancelled") -> 0
A93: SHW-0095 | B93: Sherwood Arboretum | C93: 95 | D93: -27.53298 | E93: 152.97384 | F93: Melaleuca viminalis subsp. viminalis | G93: Weeping bottlebrush | H93: Myrtaceae | I93: 8 | J93: 6 | K93: 410 | M93: NALL-CV-2257, NALL-SNV-881 | N93: No | O93: =COUNTIF(Health_Assessments!$B$2:$B$5001,A93) -> 0 | P93: =IF(O93=0,"",_xlfn.MAXIFS(Health_Assessments!$C$2:$C$5001,Health_Assessments!$B$2:$B$5001,A93)) | Q93: =IF(O93=0,"",LOOKUP(2,1/((Health_Assessments!$B$2:$B$5001=A93)*(Health_Assessments!$C$2:$C$5001=P93)),Health_Assessments!$E$2:$E$5001)) | R93: =IF(O93=0,"",LOOKUP(2,1/((Health_Assessments!$B$2:$B$5001=A93)*(Health_Assessments!$C$2:$C$5001=P93)),Health_Assessments!$G$2:$G$5001)) | S93: =IF(O93=0,"",LOOKUP(2,1/((Health_Assessments!$B$2:$B$5001=A93)*(Health_Assessments!$C$2:$C$5001=P93)),Health_Assessments!$H$2:$H$5001)) | T93: =COUNTIF(Maintenance_Log!$B$2:$B$5001,A93) -> 0 | U93: =IF(T93=0,"",_xlfn.MAXIFS(Maintenance_Log!$D$2:$D$5001,Maintenance_Log!$B$2:$B$5001,A93)) | V93: =COUNTIFS(Maintenance_Log!$B$2:$B$5001,A93,Maintenance_Log!$H$2:$H$5001,"<>Completed",Maintenance_Log!$H$2:$H$5001,"<>Cancelled") -> 0
A94: SHW-0096 | B94: Sherwood Arboretum | C94: 96 | D94: -27.532979 | E94: 152.9738 | F94: Melaleuca viminalis subsp. viminalis | G94: Weeping bottlebrush | H94: Myrtaceae | I94: 7 | J94: 5 | K94: 160 | M94: NALL-CV-2257, NALL-SNV-881 | N94: No | O94: =COUNTIF(Health_Assessments!$B$2:$B$5001,A94) -> 0 | P94: =IF(O94=0,"",_xlfn.MAXIFS(Health_Assessments!$C$2:$C$5001,Health_Assessments!$B$2:$B$5001,A94)) | Q94: =IF(O94=0,"",LOOKUP(2,1/((Health_Assessments!$B$2:$B$5001=A94)*(Health_Assessments!$C$2:$C$5001=P94)),Health_Assessments!$E$2:$E$5001)) | R94: =IF(O94=0,"",LOOKUP(2,1/((Health_Assessments!$B$2:$B$5001=A94)*(Health_Assessments!$C$2:$C$5001=P94)),Health_Assessments!$G$2:$G$5001)) | S94: =IF(O94=0,"",LOOKUP(2,1/((Health_Assessments!$B$2:$B$5001=A94)*(Health_Assessments!$C$2:$C$5001=P94)),Health_Assessments!$H$2:$H$5001)) | T94: =COUNTIF(Maintenance_Log!$B$2:$B$5001,A94) -> 0 | U94: =IF(T94=0,"",_xlfn.MAXIFS(Maintenance_Log!$D$2:$D$5001,Maintenance_Log!$B$2:$B$5001,A94)) | V94: =COUNTIFS(Maintenance_Log!$B$2:$B$5001,A94,Maintenance_Log!$H$2:$H$5001,"<>Completed",Maintenance_Log!$H$2:$H$5001,"<>Cancelled") -> 0
A95: SHW-0097 | B95: Sherwood Arboretum | C95: 97 | D95: -27.532977 | E95: 152.97485 | F95: Melaleuca viminalis subsp. viminalis | G95: Weeping bottlebrush | H95: Myrtaceae | I95: 7 | J95: 4 | K95: 200 | M95: NALL-CV-2257, NALL-SNV-881, NALL-WWV-2529 | N95: No | O95: =COUNTIF(Health_Assessments!$B$2:$B$5001,A95) -> 0 | P95: =IF(O95=0,"",_xlfn.MAXIFS(Health_Assessments!$C$2:$C$5001,Health_Assessments!$B$2:$B$5001,A95)) | Q95: =IF(O95=0,"",LOOKUP(2,1/((Health_Assessments!$B$2:$B$5001=A95)*(Health_Assessments!$C$2:$C$5001=P95)),Health_Assessments!$E$2:$E$5001)) | R95: =IF(O95=0,"",LOOKUP(2,1/((Health_Assessments!$B$2:$B$5001=A95)*(Health_Assessments!$C$2:$C$5001=P95)),Health_Assessments!$G$2:$G$5001)) | S95: =IF(O95=0,"",LOOKUP(2,1/((Health_Assessments!$B$2:$B$5001=A95)*(Health_Assessments!$C$2:$C$5001=P95)),Health_Assessments!$H$2:$H$5001)) | T95: =COUNTIF(Maintenance_Log!$B$2:$B$5001,A95) -> 0 | U95: =IF(T95=0,"",_xlfn.MAXIFS(Maintenance_Log!$D$2:$D$5001,Maintenance_Log!$B$2:$B$5001,A95)) | V95: =COUNTIFS(Maintenance_Log!$B$2:$B$5001,A95,Maintenance_Log!$H$2:$H$5001,"<>Completed",Maintenance_Log!$H$2:$H$5001,"<>Cancelled") -> 0
... A114: SHW-0122 | B114: Sherwood Arboretum | C114: 122 | D114: -27.532917 | E114: 152.97338 | F114: Melaleuca viminalis subsp. viminalis | G114: Weeping bottlebrush | H114: Myrtaceae | I114: 8 | J114: 8 | K114: 380 | M114: NALL-CV-2257, NALL-SNV-881 | N114: No | O114: =COUNTIF(Health_Assessments!$B$2:$B$5001,A114) -> 0 | P114: =IF(O114=0,"",_xlfn.MAXIFS(Health_Assessments!$C$2:$C$5001,Health_Assessments!$B$2:$B$5001,A114)) | Q114: =IF(O114=0,"",LOOKUP(2,1/((Health_Assessments!$B$2:$B$5001=A114)*(Health_Assessments!$C$2:$C$5001=P114)),Health_Assessments!$E$2:$E$5001)) | R114: =IF(O114=0,"",LOOKUP(2,1/((Health_Assessments!$B$2:$B$5001=A114)*(Health_Assessments!$C$2:$C$5001=P114)),Health_Assessments!$G$2:$G$5001)) | S114: =IF(O114=0,"",LOOKUP(2,1/((Health_Assessments!$B$2:$B$5001=A114)*(Health_Assessments!$C$2:$C$5001=P114)),Health_Assessments!$H$2:$H$5001)) | T114: =COUNTIF(Maintenance_Log!$B$2:$B$5001,A114) -> 0 | U114: =IF(T114=0,"",_xlfn.MAXIFS(Maintenance_Log!$D$2:$D$5001,Maintenance_Log!$B$2:$B$5001,A114)) | V114: =COUNTIFS(Maintenance_Log!$B$2:$B$5001,A114,Maintenance_Log!$H$2:$H$5001,"<>Completed",Maintenance_Log!$H$2:$H$5001,"<>Cancelled") -> 0
A115: SHW-0123 | B115: Sherwood Arboretum | C115: 123 | D115: -27.532915 | E115: 152.97368 | F115: Eucalyptus major | G115: Small-fruited grey gum | H115: Myrtaceae | I115: 11 | J115: 6 | K115: 420 | L115: 1929 | M115: NALL-CV-2257, NALL-SNV-881 | N115: No | O115: =COUNTIF(Health_Assessments!$B$2:$B$5001,A115) -> 0 | P115: =IF(O115=0,"",_xlfn.MAXIFS(Health_Assessments!$C$2:$C$5001,Health_Assessments!$B$2:$B$5001,A115)) | Q115: =IF(O115=0,"",LOOKUP(2,1/((Health_Assessments!$B$2:$B$5001=A115)*(Health_Assessments!$C$2:$C$5001=P115)),Health_Assessments!$E$2:$E$5001)) | R115: =IF(O115=0,"",LOOKUP(2,1/((Health_Assessments!$B$2:$B$5001=A115)*(Health_Assessments!$C$2:$C$5001=P115)),Health_Assessments!$G$2:$G$5001)) | S115: =IF(O115=0,"",LOOKUP(2,1/((Health_Assessments!$B$2:$B$5001=A115)*(Health_Assessments!$C$2:$C$5001=P115)),Health_Assessments!$H$2:$H$5001)) | T115: =COUNTIF(Maintenance_Log!$B$2:$B$5001,A115) -> 0 | U115: =IF(T115=0,"",_xlfn.MAXIFS(Maintenance_Log!$D$2:$D$5001,Maintenance_Log!$B$2:$B$5001,A115)) | V115: =COUNTIFS(Maintenance_Log!$B$2:$B$5001,A115,Maintenance_Log!$H$2:$H$5001,"<>Completed",Maintenance_Log!$H$2:$H$5001,"<>Cancelled") -> 0
A116: SHW-0124 | B116: Sherwood Arboretum | C116: 124 | D116: -27.532913 | E116: 152.97329 | F116: Eucalyptus camaldulensis | G116: River red gum | H116: Myrtaceae | I116: 18 | J116: 11 | K116: 660 | M116: NALL-CV-2257, NALL-SNV-881 | N116: No | O116: =COUNTIF(Health_Assessments!$B$2:$B$5001,A116) -> 0 | P116: =IF(O116=0,"",_xlfn.MAXIFS(Health_Assessments!$C$2:$C$5001,Health_Assessments!$B$2:$B$5001,A116)) | Q116: =IF(O116=0,"",LOOKUP(2,1/((Health_Assessments!$B$2:$B$5001=A116)*(Health_Assessments!$C$2:$C$5001=P116)),Health_Assessments!$E$2:$E$5001)) | R116: =IF(O116=0,"",LOOKUP(2,1/((Health_Assessments!$B$2:$B$5001=A116)*(Health_Assessments!$C$2:$C$5001=P116)),Health_Assessments!$G$2:$G$5001)) | S116: =IF(O116=0,"",LOOKUP(2,1/((Health_Assessments!$B$2:$B$5001=A116)*(Health_Assessments!$C$2:$C$5001=P116)),Health_Assessments!$H$2:$H$5001)) | T116: =COUNTIF(Maintenance_Log!$B$2:$B$5001,A116) -> 0 | U116: =IF(T116=0,"",_xlfn.MAXIFS(Maintenance_Log!$D$2:$D$5001,Maintenance_Log!$B$2:$B$5001,A116)) | V116: =COUNTIFS(Maintenance_Log!$B$2:$B$5001,A116,Maintenance_Log!$H$2:$H$5001,"<>Completed",Maintenance_Log!$H$2:$H$5001,"<>Cancelled") -> 0
A117: SHW-0125 | B117: Sherwood Arboretum | C117: 125 | D117: -27.53291 | E117: 152.97445 | F117: Harpullia pendula | G117: Tulipwood | H117: Sapindaceae | I117: 5 | J117: 4 | K117: 140 | M117: NALL-CV-2257, NALL-SNV-881 | N117: No | O117: =COUNTIF(Health_Assessments!$B$2:$B$5001,A117) -> 0 | P117: =IF(O117=0,"",_xlfn.MAXIFS(Health_Assessments!$C$2:$C$5001,Health_Assessments!$B$2:$B$5001,A117)) | Q117: =IF(O117=0,"",LOOKUP(2,1/((Health_Assessments!$B$2:$B$5001=A117)*(Health_Assessments!$C$2:$C$5001=P117)),Health_Assessments!$E$2:$E$5001)) | R117: =IF(O117=0,"",LOOKUP(2,1/((Health_Assessments!$B$2:$B$5001=A117)*(Health_Assessments!$C$2:$C$5001=P117)),Health_Assessments!$G$2:$G$5001)) | S117: =IF(O117=0,"",LOOKUP(2,1/((Health_Assessments!$B$2:$B$5001=A117)*(Health_Assessments!$C$2:$C$5001=P117)),Health_Assessments!$H$2:$H$5001)) | T117: =COUNTIF(Maintenance_Log!$B$2:$B$5001,A117) -> 0 | U117: =IF(T117=0,"",_xlfn.MAXIFS(Maintenance_Log!$D$2:$D$5001,Maintenance_Log!$B$2:$B$5001,A117)) | V117: =COUNTIFS(Maintenance_Log!$B$2:$B$5001,A117,Maintenance_Log!$H$2:$H$5001,"<>Completed",Maintenance_Log!$H$2:$H$5001,"<>Cancelled") -> 0
A118: SHW-0126 | B118: Sherwood Arboretum | C118: 126 | D118: -27.532905 | E118: 152.97324 | F118: Eucalyptus microcorys | G118: Tallowwood | H118: Myrtaceae | I118: 20 | J118: 13 | K118: 500 | M118: NALL-CV-2257, NALL-SNV-881 | N118: No | O118: =COUNTIF(Health_Assessments!$B$2:$B$5001,A118) -> 0 | P118: =IF(O118=0,"",_xlfn.MAXIFS(Health_Assessments!$C$2:$C$5001,Health_Assessments!$B$2:$B$5001,A118)) | Q118: =IF(O118=0,"",LOOKUP(2,1/((Health_Assessments!$B$2:$B$5001=A118)*(Health_Assessments!$C$2:$C$5001=P118)),Health_Assessments!$E$2:$E$5001)) | R118: =IF(O118=0,"",LOOKUP(2,1/((Health_Assessments!$B$2:$B$5001=A118)*(Health_Assessments!$C$2:$C$5001=P118)),Health_Assessments!$G$2:$G$5001)) | S118: =IF(O118=0,"",LOOKUP(2,1/((Health_Assessments!$B$2:$B$5001=A118)*(Health_Assessments!$C$2:$C$5001=P118)),Health_Assessments!$H$2:$H$5001)) | T118: =COUNTIF(Maintenance_Log!$B$2:$B$5001,A118) -> 0 | U118: =IF(T118=0,"",_xlfn.MAXIFS(Maintenance_Log!$D$2:$D$5001,Maintenance_Log!$B$2:$B$5001,A118)) | V118: =COUNTIFS(Maintenance_Log!$B$2:$B$5001,A118,Maintenance_Log!$H$2:$H$5001,"<>Completed",Maintenance_Log!$H$2:$H$5001,"<>Cancelled") -> 0
A119: SHW-0127 | B119: Sherwood Arboretum | C119: 127 | D119: -27.532892 | E119: 152.9731 | F119: Eucalyptus microcorys | G119: Tallowwood | H119: Myrtaceae | I119: 16 | J119: 14 | K119: 410 | M119: NALL-CV-2257, NALL-SNV-881 | N119: No | O119: =COUNTIF(Health_Assessments!$B$2:$B$5001,A119) -> 0 | P119: =IF(O119=0,"",_xlfn.MAXIFS(Health_Assessments!$C$2:$C$5001,Health_Assessments!$B$2:$B$5001,A119)) | Q119: =IF(O119=0,"",LOOKUP(2,1/((Health_Assessments!$B$2:$B$5001=A119)*(Health_Assessments!$C$2:$C$5001=P119)),Health_Assessments!$E$2:$E$5001)) | R119: =IF(O119=0,"",LOOKUP(2,1/((Health_Assessments!$B$2:$B$5001=A119)*(Health_Assessments!$C$2:$C$5001=P119)),Health_Assessments!$G$2:$G$5001)) | S119: =IF(O119=0,"",LOOKUP(2,1/((Health_Assessments!$B$2:$B$5001=A119)*(Health_Assessments!$C$2:$C$5001=P119)),Health_Assessments!$H$2:$H$5001)) | T119: =COUNTIF(Maintenance_Log!$B$2:$B$5001,A119) -> 0 | U119: =IF(T119=0,"",_xlfn.MAXIFS(Maintenance_Log!$D$2:$D$5001,Maintenance_Log!$B$2:$B$5001,A119)) | V119: =COUNTIFS(Maintenance_Log!$B$2:$B$5001,A119,Maintenance_Log!$H$2:$H$5001,"<>Completed",Maintenance_Log!$H$2:$H$5001,"<>Cancelled") -> 0
A120: SHW-0128 | B120: Sherwood Arboretum | C120: 128 | D120: -27.532908 | E120: 152.9732 | F120: Eucalyptus microcorys | G120: Tallowwood | H120: Myrtaceae | I120: 19 | J120: 14 | K120: 510 | M120: NALL-CV-2257, NALL-SNV-881 | N120: No | O120: =COUNTIF(Health_Assessments!$B$2:$B$5001,A120) -> 0 | P120: =IF(O120=0,"",_xlfn.MAXIFS(Health_Assessments!$C$2:$C$5001,Health_Assessments!$B$2:$B$5001,A120)) | Q120: =IF(O120=0,"",LOOKUP(2,1/((Health_Assessments!$B$2:$B$5001=A120)*(Health_Assessments!$C$2:$C$5001=P120)),Health_Assessments!$E$2:$E$5001)) | R120: =IF(O120=0,"",LOOKUP(2,1/((Health_Assessments!$B$2:$B$5001=A120)*(Health_Assessments!$C$2:$C$5001=P120)),Health_Assessments!$G$2:$G$5001)) | S120: =IF(O120=0,"",LOOKUP(2,1/((Health_Assessments!$B$2:$B$5001=A120)*(Health_Assessments!$C$2:$C$5001=P120)),Health_Assessments!$H$2:$H$5001)) | T120: =COUNTIF(Maintenance_Log!$B$2:$B$5001,A120) -> 0 | U120: =IF(T120=0,"",_xlfn.MAXIFS(Maintenance_Log!$D$2:$D$5001,Maintenance_Log!$B$2:$B$5001,A120)) | V120: =COUNTIFS(Maintenance_Log!$B$2:$B$5001,A120,Maintenance_Log!$H$2:$H$5001,"<>Completed",Maintenance_Log!$H$2:$H$5001,"<>Cancelled") -> 0
A121: SHW-0129 | B121: Sherwood Arboretum | C121: 129 | D121: -27.532909 | E121: 152.97315 | F121: Eucalyptus microcorys | G121: Tallowwood | H121: Myrtaceae | I121: 20 | J121: 7 | K121: 310 | M121: NALL-CV-2257, NALL-SNV-881 | N121: No | O121: =COUNTIF(Health_Assessments!$B$2:$B$5001,A121) -> 0 | P121: =IF(O121=0,"",_xlfn.MAXIFS(Health_Assessments!$C$2:$C$5001,Health_Assessments!$B$2:$B$5001,A121)) | Q121: =IF(O121=0,"",LOOKUP(2,1/((Health_Assessments!$B$2:$B$5001=A121)*(Health_Assessments!$C$2:$C$5001=P121)),Health_Assessments!$E$2:$E$5001)) | R121: =IF(O121=0,"",LOOKUP(2,1/((Health_Assessments!$B$2:$B$5001=A121)*(Health_Assessments!$C$2:$C$5001=P121)),Health_Assessments!$G$2:$G$5001)) | S121: =IF(O121=0,"",LOOKUP(2,1/((Health_Assessments!$B$2:$B$5001=A121)*(Health_Assessments!$C$2:$C$5001=P121)),Health_Assessments!$H$2:$H$5001)) | T121: =COUNTIF(Maintenance_Log!$B$2:$B$5001,A121) -> 0 | U121: =IF(T121=0,"",_xlfn.MAXIFS(Maintenance_Log!$D$2:$D$5001,Maintenance_Log!$B$2:$B$5001,A121)) | V121: =COUNTIFS(Maintenance_Log!$B$2:$B$5001,A121,Maintenance_Log!$H$2:$H$5001,"<>Completed",Maintenance_Log!$H$2:$H$5001,"<>Cancelled") -> 0
A122: SHW-0130 | B122: Sherwood Arboretum | C122: 130 | D122: -27.532888 | E122: 152.97464 | F122: Melaleuca styphelioides | G122: Prickly paperbark | H122: Myrtaceae | I122: 10 | J122: 10 | K122: 800 | M122: NALL-CV-2257, NALL-SNV-881, NALL-WWV-2529 | N122: No | O122: =COUNTIF(Health_Assessments!$B$2:$B$5001,A122) -> 0 | P122: =IF(O122=0,"",_xlfn.MAXIFS(Health_Assessments!$C$2:$C$5001,Health_Assessments!$B$2:$B$5001,A122)) | Q122: =IF(O122=0,"",LOOKUP(2,1/((Health_Assessments!$B$2:$B$5001=A122)*(Health_Assessments!$C$2:$C$5001=P122)),Health_Assessments!$E$2:$E$5001)) | R122: =IF(O122=0,"",LOOKUP(2,1/((Health_Assessments!$B$2:$B$5001=A122)*(Health_Assessments!$C$2:$C$5001=P122)),Health_Assessments!$G$2:$G$5001)) | S122: =IF(O122=0,"",LOOKUP(2,1/((Health_Assessments!$B$2:$B$5001=A122)*(Health_Assessments!$C$2:$C$5001=P122)),Health_Assessments!$H$2:$H$5001)) | T122: =COUNTIF(Maintenance_Log!$B$2:$B$5001,A122) -> 0 | U122: =IF(T122=0,"",_xlfn.MAXIFS(Maintenance_Log!$D$2:$D$5001,Maintenance_Log!$B$2:$B$5001,A122)) | V122: =COUNTIFS(Maintenance_Log!$B$2:$B$5001,A122,Maintenance_Log!$H$2:$H$5001,"<>Completed",Maintenance_Log!$H$2:$H$5001,"<>Cancelled") -> 0
A123: SHW-0131 | B123: Sherwood Arboretum | C123: 131 | D123: -27.532883 | E123: 152.9751 | F123: Grevillea robusta | G123: Silky oak | H123: Proteaceae | I123: 13 | J123: 12 | K123: 410 | M123: NALL-CV-2257, NALL-SNV-881, NALL-WWV-2529 | N123: No | O123: =COUNTIF(Health_Assessments!$B$2:$B$5001,A123) -> 0 | P123: =IF(O123=0,"",_xlfn.MAXIFS(Health_Assessments!$C$2:$C$5001,Health_Assessments!$B$2:$B$5001,A123)) | Q123: =IF(O123=0,"",LOOKUP(2,1/((Health_Assessments!$B$2:$B$5001=A123)*(Health_Assessments!$C$2:$C$5001=P123)),Health_Assessments!$E$2:$E$5001)) | R123: =IF(O123=0,"",LOOKUP(2,1/((Health_Assessments!$B$2:$B$5001=A123)*(Health_Assessments!$C$2:$C$5001=P123)),Health_Assessments!$G$2:$G$5001)) | S123: =IF(O123=0,"",LOOKUP(2,1/((Health_Assessments!$B$2:$B$5001=A123)*(Health_Assessments!$C$2:$C$5001=P123)),Health_Assessments!$H$2:$H$5001)) | T123: =COUNTIF(Maintenance_Log!$B$2:$B$5001,A123) -> 0 | U123: =IF(T123=0,"",_xlfn.MAXIFS(Maintenance_Log!$D$2:$D$5001,Maintenance_Log!$B$2:$B$5001,A123)) | V123: =COUNTIFS(Maintenance_Log!$B$2:$B$5001,A123,Maintenance_Log!$H$2:$H$5001,"<>Completed",Maintenance_Log!$H$2:$H$5001,"<>Cancelled") -> 0
A124: SHW-0132 | B124: Sherwood Arboretum | C124: 132 | D124: -27.532877 | E124: 152.97535 | F124: Flindersia schottiana | G124: Bumpy ash, cudgerie | H124: Rutaceae | I124: 12 | J124: 7 | K124: 260 | M124: NALL-WWV-2529 | N124: No | O124: =COUNTIF(Health_Assessments!$B$2:$B$5001,A124) -> 0 | P124: =IF(O124=0,"",_xlfn.MAXIFS(Health_Assessments!$C$2:$C$5001,Health_Assessments!$B$2:$B$5001,A124)) | Q124: =IF(O124=0,"",LOOKUP(2,1/((Health_Assessments!$B$2:$B$5001=A124)*(Health_Assessments!$C$2:$C$5001=P124)),Health_Assessments!$E$2:$E$5001)) | R124: =IF(O124=0,"",LOOKUP(2,1/((Health_Assessments!$B$2:$B$5001=A124)*(Health_Assessments!$C$2:$C$5001=P124)),Health_Assessments!$G$2:$G$5001)) | S124: =IF(O124=0,"",LOOKUP(2,1/((Health_Assessments!$B$2:$B$5001=A124)*(Health_Assessments!$C$2:$C$5001=P124)),Health_Assessments!$H$2:$H$5001)) | T124: =COUNTIF(Maintenance_Log!$B$2:$B$5001,A124) -> 0 | U124: =IF(T124=0,"",_xlfn.MAXIFS(Maintenance_Log!$D$2:$D$5001,Maintenance_Log!$B$2:$B$5001,A124)) | V124: =COUNTIFS(Maintenance_Log!$B$2:$B$5001,A124,Maintenance_Log!$H$2:$H$5001,"<>Completed",Maintenance_Log!$H$2:$H$5001,"<>Cancelled") -> 0
A125: SHW-0133 | B125: Sherwood Arboretum | C125: 133 | D125: -27.532877 | E125: 152.97491 | F125: Melaleuca sp. | H125: Myrtaceae | I125: 7 | J125: 2 | K125: 140 | M125: NALL-CV-2257, NALL-SNV-881, NALL-WWV-2529 | N125: No | O125: =COUNTIF(Health_Assessments!$B$2:$B$5001,A125) -> 0 | P125: =IF(O125=0,"",_xlfn.MAXIFS(Health_Assessments!$C$2:$C$5001,Health_Assessments!$B$2:$B$5001,A125)) | Q125: =IF(O125=0,"",LOOKUP(2,1/((Health_Assessments!$B$2:$B$5001=A125)*(Health_Assessments!$C$2:$C$5001=P125)),Health_Assessments!$E$2:$E$5001)) | R125: =IF(O125=0,"",LOOKUP(2,1/((Health_Assessments!$B$2:$B$5001=A125)*(Health_Assessments!$C$2:$C$5001=P125)),Health_Assessments!$G$2:$G$5001)) | S125: =IF(O125=0,"",LOOKUP(2,1/((Health_Assessments!$B$2:$B$5001=A125)*(Health_Assessments!$C$2:$C$5001=P125)),Health_Assessments!$H$2:$H$5001)) | T125: =COUNTIF(Maintenance_Log!$B$2:$B$5001,A125) -> 0 | U125: =IF(T125=0,"",_xlfn.MAXIFS(Maintenance_Log!$D$2:$D$5001,Maintenance_Log!$B$2:$B$5001,A125)) | V125: =COUNTIFS(Maintenance_Log!$B$2:$B$5001,A125,Maintenance_Log!$H$2:$H$5001,"<>Completed",Maintenance_Log!$H$2:$H$5001,"<>Cancelled") -> 0
A126: SHW-0134 | B126: Sherwood Arboretum | C126: 134 | D126: -27.532874 | E126: 152.97454 | F126: Harpullia pendula | G126: Tulipwood | H126: Sapindaceae | I126: 6 | J126: 6 | K126: 200 | M126: NALL-CV-2257, NALL-SNV-881, NALL-WWV-2529 | N126: No | O126: =COUNTIF(Health_Assessments!$B$2:$B$5001,A126) -> 0 | P126: =IF(O126=0,"",_xlfn.MAXIFS(Health_Assessments!$C$2:$C$5001,Health_Assessments!$B$2:$B$5001,A126)) | Q126: =IF(O126=0,"",LOOKUP(2,1/((Health_Assessments!$B$2:$B$5001=A126)*(Health_Assessments!$C$2:$C$5001=P126)),Health_Assessments!$E$2:$E$5001)) | R126: =IF(O126=0,"",LOOKUP(2,1/((Health_Assessments!$B$2:$B$5001=A126)*(Health_Assessments!$C$2:$C$5001=P126)),Health_Assessments!$G$2:$G$5001)) | S126: =IF(O126=0,"",LOOKUP(2,1/((Health_Assessments!$B$2:$B$5001=A126)*(Health_Assessments!$C$2:$C$5001=P126)),Health_Assessments!$H$2:$H$5001)) | T126: =COUNTIF(Maintenance_Log!$B$2:$B$5001,A126) -> 0 | U126: =IF(T126=0,"",_xlfn.MAXIFS(Maintenance_Log!$D$2:$D$5001,Maintenance_Log!$B$2:$B$5001,A126)) | V126: =COUNTIFS(Maintenance_Log!$B$2:$B$5001,A126,Maintenance_Log!$H$2:$H$5001,"<>Completed",Maintenance_Log!$H$2:$H$5001,"<>Cancelled") -> 0
A127: SHW-0135 | B127: Sherwood Arboretum | C127: 135 | D127: -27.532872 | E127: 152.97302 | F127: Eucalyptus microcorys | G127: Tallowwood | H127: Myrtaceae | I127: 16 | J127: 14 | K127: 610 | M127: NALL-CV-2257, NALL-SNV-881 | N127: No | O127: =COUNTIF(Health_Assessments!$B$2:$B$5001,A127) -> 0 | P127: =IF(O127=0,"",_xlfn.MAXIFS(Health_Assessments!$C$2:$C$5001,Health_Assessments!$B$2:$B$5001,A127)) | Q127: =IF(O127=0,"",LOOKUP(2,1/((Health_Assessments!$B$2:$B$5001=A127)*(Health_Assessments!$C$2:$C$5001=P127)),Health_Assessments!$E$2:$E$5001)) | R127: =IF(O127=0,"",LOOKUP(2,1/((Health_Assessments!$B$2:$B$5001=A127)*(Health_Assessments!$C$2:$C$5001=P127)),Health_Assessments!$G$2:$G$5001)) | S127: =IF(O127=0,"",LOOKUP(2,1/((Health_Assessments!$B$2:$B$5001=A127)*(Health_Assessments!$C$2:$C$5001=P127)),Health_Assessments!$H$2:$H$5001)) | T127: =COUNTIF(Maintenance_Log!$B$2:$B$5001,A127) -> 0 | U127: =IF(T127=0,"",_xlfn.MAXIFS(Maintenance_Log!$D$2:$D$5001,Maintenance_Log!$B$2:$B$5001,A127)) | V127: =COUNTIFS(Maintenance_Log!$B$2:$B$5001,A127,Maintenance_Log!$H$2:$H$5001,"<>Completed",Maintenance_Log!$H$2:$H$5001,"<>Cancelled") -> 0
A128: SHW-0136 | B128: Sherwood Arboretum | C128: 136 | D128: -27.532866 | E128: 152.97495 | F128: Syzygium sp. | G128: Syzygium sp. | H128: Myrtaceae | I128: 7 | J128: 5 | K128: 150 | M128: NALL-CV-2257, NALL-SNV-881, NALL-WWV-2529 | N128: No | O128: =COUNTIF(Health_Assessments!$B$2:$B$5001,A128) -> 0 | P128: =IF(O128=0,"",_xlfn.MAXIFS(Health_Assessments!$C$2:$C$5001,Health_Assessments!$B$2:$B$5001,A128)) | Q128: =IF(O128=0,"",LOOKUP(2,1/((Health_Assessments!$B$2:$B$5001=A128)*(Health_Assessments!$C$2:$C$5001=P128)),Health_Assessments!$E$2:$E$5001)) | R128: =IF(O128=0,"",LOOKUP(2,1/((Health_Assessments!$B$2:$B$5001=A128)*(Health_Assessments!$C$2:$C$5001=P128)),Health_Assessments!$G$2:$G$5001)) | S128: =IF(O128=0,"",LOOKUP(2,1/((Health_Assessments!$B$2:$B$5001=A128)*(Health_Assessments!$C$2:$C$5001=P128)),Health_Assessments!$H$2:$H$5001)) | T128: =COUNTIF(Maintenance_Log!$B$2:$B$5001,A128) -> 0 | U128: =IF(T128=0,"",_xlfn.MAXIFS(Maintenance_Log!$D$2:$D$5001,Maintenance_Log!$B$2:$B$5001,A128)) | V128: =COUNTIFS(Maintenance_Log!$B$2:$B$5001,A128,Maintenance_Log!$H$2:$H$5001,"<>Completed",Maintenance_Log!$H$2:$H$5001,"<>Cancelled") -> 0
A129: SHW-0137 | B129: Sherwood Arboretum | C129: 137 | D129: -27.532861 | E129: 152.97494 | F129: Melaleuca sp. | H129: Myrtaceae | I129: 2 | J129: 1 | K129: 50 | M129: NALL-CV-2257, NALL-SNV-881, NALL-WWV-2529 | N129: No | O129: =COUNTIF(Health_Assessments!$B$2:$B$5001,A129) -> 0 | P129: =IF(O129=0,"",_xlfn.MAXIFS(Health_Assessments!$C$2:$C$5001,Health_Assessments!$B$2:$B$5001,A129)) | Q129: =IF(O129=0,"",LOOKUP(2,1/((Health_Assessments!$B$2:$B$5001=A129)*(Health_Assessments!$C$2:$C$5001=P129)),Health_Assessments!$E$2:$E$5001)) | R129: =IF(O129=0,"",LOOKUP(2,1/((Health_Assessments!$B$2:$B$5001=A129)*(Health_Assessments!$C$2:$C$5001=P129)),Health_Assessments!$G$2:$G$5001)) | S129: =IF(O129=0,"",LOOKUP(2,1/((Health_Assessments!$B$2:$B$5001=A129)*(Health_Assessments!$C$2:$C$5001=P129)),Health_Assessments!$H$2:$H$5001)) | T129: =COUNTIF(Maintenance_Log!$B$2:$B$5001,A129) -> 0 | U129: =IF(T129=0,"",_xlfn.MAXIFS(Maintenance_Log!$D$2:$D$5001,Maintenance_Log!$B$2:$B$5001,A129)) | V129: =COUNTIFS(Maintenance_Log!$B$2:$B$5001,A129,Maintenance_Log!$H$2:$H$5001,"<>Completed",Maintenance_Log!$H$2:$H$5001,"<>Cancelled") -> 0
A130: SHW-0138 | B130: Sherwood Arboretum | C130: 138 | D130: -27.53286 | E130: 152.97493 | F130: Melaleuca sp. | H130: Myrtaceae | I130: 8 | J130: 2 | K130: 170 | M130: NALL-CV-2257, NALL-SNV-881, NALL-WWV-2529 | N130: No | O130: =COUNTIF(Health_Assessments!$B$2:$B$5001,A130) -> 0 | P130: =IF(O130=0,"",_xlfn.MAXIFS(Health_Assessments!$C$2:$C$5001,Health_Assessments!$B$2:$B$5001,A130)) | Q130: =IF(O130=0,"",LOOKUP(2,1/((Health_Assessments!$B$2:$B$5001=A130)*(Health_Assessments!$C$2:$C$5001=P130)),Health_Assessments!$E$2:$E$5001)) | R130: =IF(O130=0,"",LOOKUP(2,1/((Health_Assessments!$B$2:$B$5001=A130)*(Health_Assessments!$C$2:$C$5001=P130)),Health_Assessments!$G$2:$G$5001)) | S130: =IF(O130=0,"",LOOKUP(2,1/((Health_Assessments!$B$2:$B$5001=A130)*(Health_Assessments!$C$2:$C$5001=P130)),Health_Assessments!$H$2:$H$5001)) | T130: =COUNTIF(Maintenance_Log!$B$2:$B$5001,A130) -> 0 | U130: =IF(T130=0,"",_xlfn.MAXIFS(Maintenance_Log!$D$2:$D$5001,Maintenance_Log!$B$2:$B$5001,A130)) | V130: =COUNTIFS(Maintenance_Log!$B$2:$B$5001,A130,Maintenance_Log!$H$2:$H$5001,"<>Completed",Maintenance_Log!$H$2:$H$5001,"<>Cancelled") -> 0
A131: SHW-0139 | B131: Sherwood Arboretum | C131: 139 | D131: -27.53286 | E131: 152.97449 | F131: Harpullia pendula | G131: Tulipwood | H131: Sapindaceae | I131: 5 | J131: 4 | K131: 150 | M131: NALL-CV-2257, NALL-SNV-881, NALL-WWV-2529 | N131: No | O131: =COUNTIF(Health_Assessments!$B$2:$B$5001,A131) -> 0 | P131: =IF(O131=0,"",_xlfn.MAXIFS(Health_Assessments!$C$2:$C$5001,Health_Assessments!$B$2:$B$5001,A131)) | Q131: =IF(O131=0,"",LOOKUP(2,1/((Health_Assessments!$B$2:$B$5001=A131)*(Health_Assessments!$C$2:$C$5001=P131)),Health_Assessments!$E$2:$E$5001)) | R131: =IF(O131=0,"",LOOKUP(2,1/((Health_Assessments!$B$2:$B$5001=A131)*(Health_Assessments!$C$2:$C$5001=P131)),Health_Assessments!$G$2:$G$5001)) | S131: =IF(O131=0,"",LOOKUP(2,1/((Health_Assessments!$B$2:$B$5001=A131)*(Health_Assessments!$C$2:$C$5001=P131)),Health_Assessments!$H$2:$H$5001)) | T131: =COUNTIF(Maintenance_Log!$B$2:$B$5001,A131) -> 0 | U131: =IF(T131=0,"",_xlfn.MAXIFS(Maintenance_Log!$D$2:$D$5001,Maintenance_Log!$B$2:$B$5001,A131)) | V131: =COUNTIFS(Maintenance_Log!$B$2:$B$5001,A131,Maintenance_Log!$H$2:$H$5001,"<>Completed",Maintenance_Log!$H$2:$H$5001,"<>Cancelled") -> 0
A132: SHW-0140 | B132: Sherwood Arboretum | C132: 140 | D132: -27.532858 | E132: 152.97492 | F132: Melaleuca sp. | H132: Myrtaceae | I132: 9 | J132: 3 | K132: 120 | M132: NALL-CV-2257, NALL-SNV-881, NALL-WWV-2529 | N132: No | O132: =COUNTIF(Health_Assessments!$B$2:$B$5001,A132) -> 0 | P132: =IF(O132=0,"",_xlfn.MAXIFS(Health_Assessments!$C$2:$C$5001,Health_Assessments!$B$2:$B$5001,A132)) | Q132: =IF(O132=0,"",LOOKUP(2,1/((Health_Assessments!$B$2:$B$5001=A132)*(Health_Assessments!$C$2:$C$5001=P132)),Health_Assessments!$E$2:$E$5001)) | R132: =IF(O132=0,"",LOOKUP(2,1/((Health_Assessments!$B$2:$B$5001=A132)*(Health_Assessments!$C$2:$C$5001=P132)),Health_Assessments!$G$2:$G$5001)) | S132: =IF(O132=0,"",LOOKUP(2,1/((Health_Assessments!$B$2:$B$5001=A132)*(Health_Assessments!$C$2:$C$5001=P132)),Health_Assessments!$H$2:$H$5001)) | T132: =COUNTIF(Maintenance_Log!$B$2:$B$5001,A132) -> 0 | U132: =IF(T132=0,"",_xlfn.MAXIFS(Maintenance_Log!$D$2:$D$5001,Maintenance_Log!$B$2:$B$5001,A132)) | V132: =COUNTIFS(Maintenance_Log!$B$2:$B$5001,A132,Maintenance_Log!$H$2:$H$5001,"<>Completed",Maintenance_Log!$H$2:$H$5001,"<>Cancelled") -> 0
A133: SHW-0141 | B133: Sherwood Arboretum | C133: 141 | D133: -27.532854 | E133: 152.97317 | F133: Acacia disparrima subsp. disparrima | G133: Hickory wattle | H133: Mimosaceae | I133: 11 | J133: 6 | K133: 200 | M133: NALL-CV-2257, NALL-SNV-881 | N133: No | O133: =COUNTIF(Health_Assessments!$B$2:$B$5001,A133) -> 0 | P133: =IF(O133=0,"",_xlfn.MAXIFS(Health_Assessments!$C$2:$C$5001,Health_Assessments!$B$2:$B$5001,A133)) | Q133: =IF(O133=0,"",LOOKUP(2,1/((Health_Assessments!$B$2:$B$5001=A133)*(Health_Assessments!$C$2:$C$5001=P133)),Health_Assessments!$E$2:$E$5001)) | R133: =IF(O133=0,"",LOOKUP(2,1/((Health_Assessments!$B$2:$B$5001=A133)*(Health_Assessments!$C$2:$C$5001=P133)),Health_Assessments!$G$2:$G$5001)) | S133: =IF(O133=0,"",LOOKUP(2,1/((Health_Assessments!$B$2:$B$5001=A133)*(Health_Assessments!$C$2:$C$5001=P133)),Health_Assessments!$H$2:$H$5001)) | T133: =COUNTIF(Maintenance_Log!$B$2:$B$5001,A133) -> 0 | U133: =IF(T133=0,"",_xlfn.MAXIFS(Maintenance_Log!$D$2:$D$5001,Maintenance_Log!$B$2:$B$5001,A133)) | V133: =COUNTIFS(Maintenance_Log!$B$2:$B$5001,A133,Maintenance_Log!$H$2:$H$5001,"<>Completed",Maintenance_Log!$H$2:$H$5001,"<>Cancelled") -> 0
A134: SHW-0142 | B134: Sherwood Arboretum | C134: 142 | D134: -27.532853 | E134: 152.9738 | F134: Grevillea robusta | G134: Silky oak | H134: Proteaceae | I134: 9 | J134: 5 | K134: 240 | L134: 2015 | M134: NALL-CV-2257, NALL-SNV-881 | N134: No | O134: =COUNTIF(Health_Assessments!$B$2:$B$5001,A134) -> 0 | P134: =IF(O134=0,"",_xlfn.MAXIFS(Health_Assessments!$C$2:$C$5001,Health_Assessments!$B$2:$B$5001,A134)) | Q134: =IF(O134=0,"",LOOKUP(2,1/((Health_Assessments!$B$2:$B$5001=A134)*(Health_Assessments!$C$2:$C$5001=P134)),Health_Assessments!$E$2:$E$5001)) | R134: =IF(O134=0,"",LOOKUP(2,1/((Health_Assessments!$B$2:$B$5001=A134)*(Health_Assessments!$C$2:$C$5001=P134)),Health_Assessments!$G$2:$G$5001)) | S134: =IF(O134=0,"",LOOKUP(2,1/((Health_Assessments!$B$2:$B$5001=A134)*(Health_Assessments!$C$2:$C$5001=P134)),Health_Assessments!$H$2:$H$5001)) | T134: =COUNTIF(Maintenance_Log!$B$2:$B$5001,A134) -> 0 | U134: =IF(T134=0,"",_xlfn.MAXIFS(Maintenance_Log!$D$2:$D$5001,Maintenance_Log!$B$2:$B$5001,A134)) | V134: =COUNTIFS(Maintenance_Log!$B$2:$B$5001,A134,Maintenance_Log!$H$2:$H$5001,"<>Completed",Maintenance_Log!$H$2:$H$5001,"<>Cancelled") -> 0
A135: SHW-0143 | B135: Sherwood Arboretum | C135: 143 | D135: -27.532852 | E135: 152.97487 | F135: Melaleuca sp. | H135: Myrtaceae | I135: 4 | J135: 2 | K135: 0 | M135: NALL-CV-2257, NALL-SNV-881, NALL-WWV-2529 | N135: No | O135: =COUNTIF(Health_Assessments!$B$2:$B$5001,A135) -> 0 | P135: =IF(O135=0,"",_xlfn.MAXIFS(Health_Assessments!$C$2:$C$5001,Health_Assessments!$B$2:$B$5001,A135)) | Q135: =IF(O135=0,"",LOOKUP(2,1/((Health_Assessments!$B$2:$B$5001=A135)*(Health_Assessments!$C$2:$C$5001=P135)),Health_Assessments!$E$2:$E$5001)) | R135: =IF(O135=0,"",LOOKUP(2,1/((Health_Assessments!$B$2:$B$5001=A135)*(Health_Assessments!$C$2:$C$5001=P135)),Health_Assessments!$G$2:$G$5001)) | S135: =IF(O135=0,"",LOOKUP(2,1/((Health_Assessments!$B$2:$B$5001=A135)*(Health_Assessments!$C$2:$C$5001=P135)),Health_Assessments!$H$2:$H$5001)) | T135: =COUNTIF(Maintenance_Log!$B$2:$B$5001,A135) -> 0 | U135: =IF(T135=0,"",_xlfn.MAXIFS(Maintenance_Log!$D$2:$D$5001,Maintenance_Log!$B$2:$B$5001,A135)) | V135: =COUNTIFS(Maintenance_Log!$B$2:$B$5001,A135,Maintenance_Log!$H$2:$H$5001,"<>Completed",Maintenance_Log!$H$2:$H$5001,"<>Cancelled") -> 0
A136: SHW-0144 | B136: Sherwood Arboretum | C136: 144 | D136: -27.53285 | E136: 152.97492 | F136: Melaleuca sp. | H136: Myrtaceae | I136: 8 | J136: 2 | K136: 550 | M136: NALL-CV-2257, NALL-SNV-881, NALL-WWV-2529 | N136: No | O136: =COUNTIF(Health_Assessments!$B$2:$B$5001,A136) -> 0 | P136: =IF(O136=0,"",_xlfn.MAXIFS(Health_Assessments!$C$2:$C$5001,Health_Assessments!$B$2:$B$5001,A136)) | Q136: =IF(O136=0,"",LOOKUP(2,1/((Health_Assessments!$B$2:$B$5001=A136)*(Health_Assessments!$C$2:$C$5001=P136)),Health_Assessments!$E$2:$E$5001)) | R136: =IF(O136=0,"",LOOKUP(2,1/((Health_Assessments!$B$2:$B$5001=A136)*(Health_Assessments!$C$2:$C$5001=P136)),Health_Assessments!$G$2:$G$5001)) | S136: =IF(O136=0,"",LOOKUP(2,1/((Health_Assessments!$B$2:$B$5001=A136)*(Health_Assessments!$C$2:$C$5001=P136)),Health_Assessments!$H$2:$H$5001)) | T136: =COUNTIF(Maintenance_Log!$B$2:$B$5001,A136) -> 0 | U136: =IF(T136=0,"",_xlfn.MAXIFS(Maintenance_Log!$D$2:$D$5001,Maintenance_Log!$B$2:$B$5001,A136)) | V136: =COUNTIFS(Maintenance_Log!$B$2:$B$5001,A136,Maintenance_Log!$H$2:$H$5001,"<>Completed",Maintenance_Log!$H$2:$H$5001,"<>Cancelled") -> 0
A137: SHW-0145 | B137: Sherwood Arboretum | C137: 145 | D137: -27.532839 | E137: 152.97523 | F137: Delonix regia | G137: Poinciana | H137: Fabaceae | I137: 9 | J137: 22 | K137: 750 | M137: NALL-CV-2257, NALL-SNV-881, NALL-WWV-2529 | N137: No | O137: =COUNTIF(Health_Assessments!$B$2:$B$5001,A137) -> 0 | P137: =IF(O137=0,"",_xlfn.MAXIFS(Health_Assessments!$C$2:$C$5001,Health_Assessments!$B$2:$B$5001,A137)) | Q137: =IF(O137=0,"",LOOKUP(2,1/((Health_Assessments!$B$2:$B$5001=A137)*(Health_Assessments!$C$2:$C$5001=P137)),Health_Assessments!$E$2:$E$5001)) | R137: =IF(O137=0,"",LOOKUP(2,1/((Health_Assessments!$B$2:$B$5001=A137)*(Health_Assessments!$C$2:$C$5001=P137)),Health_Assessments!$G$2:$G$5001)) | S137: =IF(O137=0,"",LOOKUP(2,1/((Health_Assessments!$B$2:$B$5001=A137)*(Health_Assessments!$C$2:$C$5001=P137)),Health_Assessments!$H$2:$H$5001)) | T137: =COUNTIF(Maintenance_Log!$B$2:$B$5001,A137) -> 0 | U137: =IF(T137=0,"",_xlfn.MAXIFS(Maintenance_Log!$D$2:$D$5001,Maintenance_Log!$B$2:$B$5001,A137)) | V137: =COUNTIFS(Maintenance_Log!$B$2:$B$5001,A137,Maintenance_Log!$H$2:$H$5001,"<>Completed",Maintenance_Log!$H$2:$H$5001,"<>Cancelled") -> 0
A138: SHW-0146 | B138: Sherwood Arboretum | C138: 146 | D138: -27.532835 | E138: 152.97323 | F138: Acacia disparrima subsp. disparrima | G138: Hickory wattle | H138: Mimosaceae | I138: 9 | J138: 6 | K138: 210 | M138: NALL-CV-2257, NALL-SNV-881 | N138: No | O138: =COUNTIF(Health_Assessments!$B$2:$B$5001,A138) -> 0 | P138: =IF(O138=0,"",_xlfn.MAXIFS(Health_Assessments!$C$2:$C$5001,Health_Assessments!$B$2:$B$5001,A138)) | Q138: =IF(O138=0,"",LOOKUP(2,1/((Health_Assessments!$B$2:$B$5001=A138)*(Health_Assessments!$C$2:$C$5001=P138)),Health_Assessments!$E$2:$E$5001)) | R138: =IF(O138=0,"",LOOKUP(2,1/((Health_Assessments!$B$2:$B$5001=A138)*(Health_Assessments!$C$2:$C$5001=P138)),Health_Assessments!$G$2:$G$5001)) | S138: =IF(O138=0,"",LOOKUP(2,1/((Health_Assessments!$B$2:$B$5001=A138)*(Health_Assessments!$C$2:$C$5001=P138)),Health_Assessments!$H$2:$H$5001)) | T138: =COUNTIF(Maintenance_Log!$B$2:$B$5001,A138) -> 0 | U138: =IF(T138=0,"",_xlfn.MAXIFS(Maintenance_Log!$D$2:$D$5001,Maintenance_Log!$B$2:$B$5001,A138)) | V138: =COUNTIFS(Maintenance_Log!$B$2:$B$5001,A138,Maintenance_Log!$H$2:$H$5001,"<>Completed",Maintenance_Log!$H$2:$H$5001,"<>Cancelled") -> 0
A139: SHW-0147 | B139: Sherwood Arboretum | C139: 147 | D139: -27.532833 | E139: 152.97462 | F139: Harpullia pendula | G139: Tulipwood | H139: Sapindaceae | I139: 8 | J139: 8 | K139: 310 | M139: NALL-CV-2257, NALL-SNV-881, NALL-WWV-2529 | N139: No | O139: =COUNTIF(Health_Assessments!$B$2:$B$5001,A139) -> 0 | P139: =IF(O139=0,"",_xlfn.MAXIFS(Health_Assessments!$C$2:$C$5001,Health_Assessments!$B$2:$B$5001,A139)) | Q139: =IF(O139=0,"",LOOKUP(2,1/((Health_Assessments!$B$2:$B$5001=A139)*(Health_Assessments!$C$2:$C$5001=P139)),Health_Assessments!$E$2:$E$5001)) | R139: =IF(O139=0,"",LOOKUP(2,1/((Health_Assessments!$B$2:$B$5001=A139)*(Health_Assessments!$C$2:$C$5001=P139)),Health_Assessments!$G$2:$G$5001)) | S139: =IF(O139=0,"",LOOKUP(2,1/((Health_Assessments!$B$2:$B$5001=A139)*(Health_Assessments!$C$2:$C$5001=P139)),Health_Assessments!$H$2:$H$5001)) | T139: =COUNTIF(Maintenance_Log!$B$2:$B$5001,A139) -> 0 | U139: =IF(T139=0,"",_xlfn.MAXIFS(Maintenance_Log!$D$2:$D$5001,Maintenance_Log!$B$2:$B$5001,A139)) | V139: =COUNTIFS(Maintenance_Log!$B$2:$B$5001,A139,Maintenance_Log!$H$2:$H$5001,"<>Completed",Maintenance_Log!$H$2:$H$5001,"<>Cancelled") -> 0
A140: SHW-0148 | B140: Sherwood Arboretum | C140: 148 | D140: -27.532832 | E140: 152.97319 | F140: Eucalyptus microcorys | G140: Tallowwood | H140: Myrtaceae | I140: 19 | J140: 15 | K140: 600 | M140: NALL-CV-2257, NALL-SNV-881 | N140: No | O140: =COUNTIF(Health_Assessments!$B$2:$B$5001,A140) -> 0 | P140: =IF(O140=0,"",_xlfn.MAXIFS(Health_Assessments!$C$2:$C$5001,Health_Assessments!$B$2:$B$5001,A140)) | Q140: =IF(O140=0,"",LOOKUP(2,1/((Health_Assessments!$B$2:$B$5001=A140)*(Health_Assessments!$C$2:$C$5001=P140)),Health_Assessments!$E$2:$E$5001)) | R140: =IF(O140=0,"",LOOKUP(2,1/((Health_Assessments!$B$2:$B$5001=A140)*(Health_Assessments!$C$2:$C$5001=P140)),Health_Assessments!$G$2:$G$5001)) | S140: =IF(O140=0,"",LOOKUP(2,1/((Health_Assessments!$B$2:$B$5001=A140)*(Health_Assessments!$C$2:$C$5001=P140)),Health_Assessments!$H$2:$H$5001)) | T140: =COUNTIF(Maintenance_Log!$B$2:$B$5001,A140) -> 0 | U140: =IF(T140=0,"",_xlfn.MAXIFS(Maintenance_Log!$D$2:$D$5001,Maintenance_Log!$B$2:$B$5001,A140)) | V140: =COUNTIFS(Maintenance_Log!$B$2:$B$5001,A140,Maintenance_Log!$H$2:$H$5001,"<>Completed",Maintenance_Log!$H$2:$H$5001,"<>Cancelled") -> 0
A141: SHW-0149 | B141: Sherwood Arboretum | C141: 149 | D141: -27.532831 | E141: 152.9732 | F141: Acacia disparrima subsp. disparrima | G141: Hickory wattle | H141: Mimosaceae | I141: 8 | J141: 6 | K141: 160 | M141: NALL-CV-2257, NALL-SNV-881 | N141: No | O141: =COUNTIF(Health_Assessments!$B$2:$B$5001,A141) -> 0 | P141: =IF(O141=0,"",_xlfn.MAXIFS(Health_Assessments!$C$2:$C$5001,Health_Assessments!$B$2:$B$5001,A141)) | Q141: =IF(O141=0,"",LOOKUP(2,1/((Health_Assessments!$B$2:$B$5001=A141)*(Health_Assessments!$C$2:$C$5001=P141)),Health_Assessments!$E$2:$E$5001)) | R141: =IF(O141=0,"",LOOKUP(2,1/((Health_Assessments!$B$2:$B$5001=A141)*(Health_Assessments!$C$2:$C$5001=P141)),Health_Assessments!$G$2:$G$5001)) | S141: =IF(O141=0,"",LOOKUP(2,1/((Health_Assessments!$B$2:$B$5001=A141)*(Health_Assessments!$C$2:$C$5001=P141)),Health_Assessments!$H$2:$H$5001)) | T141: =COUNTIF(Maintenance_Log!$B$2:$B$5001,A141) -> 0 | U141: =IF(T141=0,"",_xlfn.MAXIFS(Maintenance_Log!$D$2:$D$5001,Maintenance_Log!$B$2:$B$5001,A141)) | V141: =COUNTIFS(Maintenance_Log!$B$2:$B$5001,A141,Maintenance_Log!$H$2:$H$5001,"<>Completed",Maintenance_Log!$H$2:$H$5001,"<>Cancelled") -> 0
A142: SHW-0150 | B142: Sherwood Arboretum | C142: 150 | D142: -27.532827 | E142: 152.97489 | F142: Banksia sp. | H142: Proteaceae | I142: 1 | J142: 1 | K142: 0 | M142: NALL-CV-2257, NALL-SNV-881, NALL-WWV-2529 | N142: No | O142: =COUNTIF(Health_Assessments!$B$2:$B$5001,A142) -> 0 | P142: =IF(O142=0,"",_xlfn.MAXIFS(Health_Assessments!$C$2:$C$5001,Health_Assessments!$B$2:$B$5001,A142)) | Q142: =IF(O142=0,"",LOOKUP(2,1/((Health_Assessments!$B$2:$B$5001=A142)*(Health_Assessments!$C$2:$C$5001=P142)),Health_Assessments!$E$2:$E$5001)) | R142: =IF(O142=0,"",LOOKUP(2,1/((Health_Assessments!$B$2:$B$5001=A142)*(Health_Assessments!$C$2:$C$5001=P142)),Health_Assessments!$G$2:$G$5001)) | S142: =IF(O142=0,"",LOOKUP(2,1/((Health_Assessments!$B$2:$B$5001=A142)*(Health_Assessments!$C$2:$C$5001=P142)),Health_Assessments!$H$2:$H$5001)) | T142: =COUNTIF(Maintenance_Log!$B$2:$B$5001,A142) -> 0 | U142: =IF(T142=0,"",_xlfn.MAXIFS(Maintenance_Log!$D$2:$D$5001,Maintenance_Log!$B$2:$B$5001,A142)) | V142: =COUNTIFS(Maintenance_Log!$B$2:$B$5001,A142,Maintenance_Log!$H$2:$H$5001,"<>Completed",Maintenance_Log!$H$2:$H$5001,"<>Cancelled") -> 0
A143: SHW-0151 | B143: Sherwood Arboretum | C143: 151 | D143: -27.532825 | E143: 152.97313 | F143: Acacia disparrima subsp. disparrima | G143: Hickory wattle | H143: Mimosaceae | I143: 10 | J143: 6 | K143: 230 | M143: NALL-CV-2257, NALL-SNV-881 | N143: No | O143: =COUNTIF(Health_Assessments!$B$2:$B$5001,A143) -> 0 | P143: =IF(O143=0,"",_xlfn.MAXIFS(Health_Assessments!$C$2:$C$5001,Health_Assessments!$B$2:$B$5001,A143)) | Q143: =IF(O143=0,"",LOOKUP(2,1/((Health_Assessments!$B$2:$B$5001=A143)*(Health_Assessments!$C$2:$C$5001=P143)),Health_Assessments!$E$2:$E$5001)) | R143: =IF(O143=0,"",LOOKUP(2,1/((Health_Assessments!$B$2:$B$5001=A143)*(Health_Assessments!$C$2:$C$5001=P143)),Health_Assessments!$G$2:$G$5001)) | S143: =IF(O143=0,"",LOOKUP(2,1/((Health_Assessments!$B$2:$B$5001=A143)*(Health_Assessments!$C$2:$C$5001=P143)),Health_Assessments!$H$2:$H$5001)) | T143: =COUNTIF(Maintenance_Log!$B$2:$B$5001,A143) -> 0 | U143: =IF(T143=0,"",_xlfn.MAXIFS(Maintenance_Log!$D$2:$D$5001,Maintenance_Log!$B$2:$B$5001,A143)) | V143: =COUNTIFS(Maintenance_Log!$B$2:$B$5001,A143,Maintenance_Log!$H$2:$H$5001,"<>Completed",Maintenance_Log!$H$2:$H$5001,"<>Cancelled") -> 0
A144: SHW-0153 | B144: Sherwood Arboretum | C144: 153 | D144: -27.53011 | E144: 152.97351 | F144: Grevillea baileyana | G144: White oak | H144: Proteaceae | I144: 7 | J144: 4 | K144: 90 | L144: 2015 | M144: NALL-CV-2257, NALL-SNV-881 | N144: No | O144: =COUNTIF(Health_Assessments!$B$2:$B$5001,A144) -> 0 | P144: =IF(O144=0,"",_xlfn.MAXIFS(Health_Assessments!$C$2:$C$5001,Health_Assessments!$B$2:$B$5001,A144)) | Q144: =IF(O144=0,"",LOOKUP(2,1/((Health_Assessments!$B$2:$B$5001=A144)*(Health_Assessments!$C$2:$C$5001=P144)),Health_Assessments!$E$2:$E$5001)) | R144: =IF(O144=0,"",LOOKUP(2,1/((Health_Assessments!$B$2:$B$5001=A144)*(Health_Assessments!$C$2:$C$5001=P144)),Health_Assessments!$G$2:$G$5001)) | S144: =IF(O144=0,"",LOOKUP(2,1/((Health_Assessments!$B$2:$B$5001=A144)*(Health_Assessments!$C$2:$C$5001=P144)),Health_Assessments!$H$2:$H$5001)) | T144: =COUNTIF(Maintenance_Log!$B$2:$B$5001,A144) -> 0 | U144: =IF(T144=0,"",_xlfn.MAXIFS(Maintenance_Log!$D$2:$D$5001,Maintenance_Log!$B$2:$B$5001,A144)) | V144: =COUNTIFS(Maintenance_Log!$B$2:$B$5001,A144,Maintenance_Log!$H$2:$H$5001,"<>Completed",Maintenance_Log!$H$2:$H$5001,"<>Cancelled") -> 0
A145: SHW-0154 | B145: Sherwood Arboretum | C145: 154 | D145: -27.532814 | E145: 152.97448 | F145: Harpullia pendula | G145: Tulipwood | H145: Sapindaceae | I145: 5 | J145: 5 | K145: 220 | M145: NALL-CV-2257, NALL-SNV-881, NALL-WWV-2529 | N145: No | O145: =COUNTIF(Health_Assessments!$B$2:$B$5001,A145) -> 0 | P145: =IF(O145=0,"",_xlfn.MAXIFS(Health_Assessments!$C$2:$C$5001,Health_Assessments!$B$2:$B$5001,A145)) | Q145: =IF(O145=0,"",LOOKUP(2,1/((Health_Assessments!$B$2:$B$5001=A145)*(Health_Assessments!$C$2:$C$5001=P145)),Health_Assessments!$E$2:$E$5001)) | R145: =IF(O145=0,"",LOOKUP(2,1/((Health_Assessments!$B$2:$B$5001=A145)*(Health_Assessments!$C$2:$C$5001=P145)),Health_Assessments!$G$2:$G$5001)) | S145: =IF(O145=0,"",LOOKUP(2,1/((Health_Assessments!$B$2:$B$5001=A145)*(Health_Assessments!$C$2:$C$5001=P145)),Health_Assessments!$H$2:$H$5001)) | T145: =COUNTIF(Maintenance_Log!$B$2:$B$5001,A145) -> 0 | U145: =IF(T145=0,"",_xlfn.MAXIFS(Maintenance_Log!$D$2:$D$5001,Maintenance_Log!$B$2:$B$5001,A145)) | V145: =COUNTIFS(Maintenance_Log!$B$2:$B$5001,A145,Maintenance_Log!$H$2:$H$5001,"<>Completed",Maintenance_Log!$H$2:$H$5001,"<>Cancelled") -> 0
A146: SHW-0155 | B146: Sherwood Arboretum | C146: 155 | D146: -27.532812 | E146: 152.97301 | F146: Eucalyptus microcorys | G146: Tallowwood | H146: Myrtaceae | I146: 22 | J146: 10 | K146: 440 | M146: NALL-CV-2257, NALL-SNV-881 | N146: No | O146: =COUNTIF(Health_Assessments!$B$2:$B$5001,A146) -> 0 | P146: =IF(O146=0,"",_xlfn.MAXIFS(Health_Assessments!$C$2:$C$5001,Health_Assessments!$B$2:$B$5001,A146)) | Q146: =IF(O146=0,"",LOOKUP(2,1/((Health_Assessments!$B$2:$B$5001=A146)*(Health_Assessments!$C$2:$C$5001=P146)),Health_Assessments!$E$2:$E$5001)) | R146: =IF(O146=0,"",LOOKUP(2,1/((Health_Assessments!$B$2:$B$5001=A146)*(Health_Assessments!$C$2:$C$5001=P146)),Health_Assessments!$G$2:$G$5001)) | S146: =IF(O146=0,"",LOOKUP(2,1/((Health_Assessments!$B$2:$B$5001=A146)*(Health_Assessments!$C$2:$C$5001=P146)),Health_Assessments!$H$2:$H$5001)) | T146: =COUNTIF(Maintenance_Log!$B$2:$B$5001,A146) -> 0 | U146: =IF(T146=0,"",_xlfn.MAXIFS(Maintenance_Log!$D$2:$D$5001,Maintenance_Log!$B$2:$B$5001,A146)) | V146: =COUNTIFS(Maintenance_Log!$B$2:$B$5001,A146,Maintenance_Log!$H$2:$H$5001,"<>Completed",Maintenance_Log!$H$2:$H$5001,"<>Cancelled") -> 0
A147: SHW-0156 | B147: Sherwood Arboretum | C147: 156 | D147: -27.532806 | E147: 152.97468 | F147: Harpullia pendula | G147: Tulipwood | H147: Sapindaceae | I147: 5 | J147: 3 | K147: 120 | L147: 2015 | M147: NALL-CV-2257, NALL-SNV-881, NALL-WWV-2529 | N147: No | O147: =COUNTIF(Health_Assessments!$B$2:$B$5001,A147) -> 0 | P147: =IF(O147=0,"",_xlfn.MAXIFS(Health_Assessments!$C$2:$C$5001,Health_Assessments!$B$2:$B$5001,A147)) | Q147: =IF(O147=0,"",LOOKUP(2,1/((Health_Assessments!$B$2:$B$5001=A147)*(Health_Assessments!$C$2:$C$5001=P147)),Health_Assessments!$E$2:$E$5001)) | R147: =IF(O147=0,"",LOOKUP(2,1/((Health_Assessments!$B$2:$B$5001=A147)*(Health_Assessments!$C$2:$C$5001=P147)),Health_Assessments!$G$2:$G$5001)) | S147: =IF(O147=0,"",LOOKUP(2,1/((Health_Assessments!$B$2:$B$5001=A147)*(Health_Assessments!$C$2:$C$5001=P147)),Health_Assessments!$H$2:$H$5001)) | T147: =COUNTIF(Maintenance_Log!$B$2:$B$5001,A147) -> 0 | U147: =IF(T147=0,"",_xlfn.MAXIFS(Maintenance_Log!$D$2:$D$5001,Maintenance_Log!$B$2:$B$5001,A147)) | V147: =COUNTIFS(Maintenance_Log!$B$2:$B$5001,A147,Maintenance_Log!$H$2:$H$5001,"<>Completed",Maintenance_Log!$H$2:$H$5001,"<>Cancelled") -> 0
A148: SHW-0157 | B148: Sherwood Arboretum | C148: 157 | D148: -27.532808 | E148: 152.97382 | F148: Brachychiton acerifolius | G148: Illawarra flame tree | H148: Sterculiaceae | I148: 9 | J148: 5 | K148: 280 | L148: 2015 | M148: NALL-CV-2257, NALL-SNV-881 | N148: No | O148: =COUNTIF(Health_Assessments!$B$2:$B$5001,A148) -> 0 | P148: =IF(O148=0,"",_xlfn.MAXIFS(Health_Assessments!$C$2:$C$5001,Health_Assessments!$B$2:$B$5001,A148)) | Q148: =IF(O148=0,"",LOOKUP(2,1/((Health_Assessments!$B$2:$B$5001=A148)*(Health_Assessments!$C$2:$C$5001=P148)),Health_Assessments!$E$2:$E$5001)) | R148: =IF(O148=0,"",LOOKUP(2,1/((Health_Assessments!$B$2:$B$5001=A148)*(Health_Assessments!$C$2:$C$5001=P148)),Health_Assessments!$G$2:$G$5001)) | S148: =IF(O148=0,"",LOOKUP(2,1/((Health_Assessments!$B$2:$B$5001=A148)*(Health_Assessments!$C$2:$C$5001=P148)),Health_Assessments!$H$2:$H$5001)) | T148: =COUNTIF(Maintenance_Log!$B$2:$B$5001,A148) -> 0 | U148: =IF(T148=0,"",_xlfn.MAXIFS(Maintenance_Log!$D$2:$D$5001,Maintenance_Log!$B$2:$B$5001,A148)) | V148: =COUNTIFS(Maintenance_Log!$B$2:$B$5001,A148,Maintenance_Log!$H$2:$H$5001,"<>Completed",Maintenance_Log!$H$2:$H$5001,"<>Cancelled") -> 0
A149: SHW-0158 | B149: Sherwood Arboretum | C149: 158 | D149: -27.530302 | E149: 152.97327 | F149: Elaeocarpus eumundi | G149: Eumundi quandong | H149: Elaeocarpaceae | I149: 4.5 | J149: 2 | K149: 90 | L149: 2015 | M149: NALL-CV-2257, NALL-SNV-881, NALL-WWV-2529 | N149: No | O149: =COUNTIF(Health_Assessments!$B$2:$B$5001,A149) -> 0 | P149: =IF(O149=0,"",_xlfn.MAXIFS(Health_Assessments!$C$2:$C$5001,Health_Assessments!$B$2:$B$5001,A149)) | Q149: =IF(O149=0,"",LOOKUP(2,1/((Health_Assessments!$B$2:$B$5001=A149)*(Health_Assessments!$C$2:$C$5001=P149)),Health_Assessments!$E$2:$E$5001)) | R149: =IF(O149=0,"",LOOKUP(2,1/((Health_Assessments!$B$2:$B$5001=A149)*(Health_Assessments!$C$2:$C$5001=P149)),Health_Assessments!$G$2:$G$5001)) | S149: =IF(O149=0,"",LOOKUP(2,1/((Health_Assessments!$B$2:$B$5001=A149)*(Health_Assessments!$C$2:$C$5001=P149)),Health_Assessments!$H$2:$H$5001)) | T149: =COUNTIF(Maintenance_Log!$B$2:$B$5001,A149) -> 0 | U149: =IF(T149=0,"",_xlfn.MAXIFS(Maintenance_Log!$D$2:$D$5001,Maintenance_Log!$B$2:$B$5001,A149)) | V149: =COUNTIFS(Maintenance_Log!$B$2:$B$5001,A149,Maintenance_Log!$H$2:$H$5001,"<>Completed",Maintenance_Log!$H$2:$H$5001,"<>Cancelled") -> 0
A150: SHW-0163 | B150: Sherwood Arboretum | C150: 163 | D150: -27.530228 | E150: 152.9733 | F150: Atractocarpus fitzalanii | G150: Native gardenia | H150: Rubiaceae | I150: 2.5 | J150: 3 | K150: 35 | L150: 2015 | M150: NALL-CV-2257, NALL-SNV-881, NALL-WWV-2529 | N150: No | O150: =COUNTIF(Health_Assessments!$B$2:$B$5001,A150) -> 0 | P150: =IF(O150=0,"",_xlfn.MAXIFS(Health_Assessments!$C$2:$C$5001,Health_Assessments!$B$2:$B$5001,A150)) | Q150: =IF(O150=0,"",LOOKUP(2,1/((Health_Assessments!$B$2:$B$5001=A150)*(Health_Assessments!$C$2:$C$5001=P150)),Health_Assessments!$E$2:$E$5001)) | R150: =IF(O150=0,"",LOOKUP(2,1/((Health_Assessments!$B$2:$B$5001=A150)*(Health_Assessments!$C$2:$C$5001=P150)),Health_Assessments!$G$2:$G$5001)) | S150: =IF(O150=0,"",LOOKUP(2,1/((Health_Assessments!$B$2:$B$5001=A150)*(Health_Assessments!$C$2:$C$5001=P150)),Health_Assessments!$H$2:$H$5001)) | T150: =COUNTIF(Maintenance_Log!$B$2:$B$5001,A150) -> 0 | U150: =IF(T150=0,"",_xlfn.MAXIFS(Maintenance_Log!$D$2:$D$5001,Maintenance_Log!$B$2:$B$5001,A150)) | V150: =COUNTIFS(Maintenance_Log!$B$2:$B$5001,A150,Maintenance_Log!$H$2:$H$5001,"<>Completed",Maintenance_Log!$H$2:$H$5001,"<>Cancelled") -> 0
A151: SHW-0164 | B151: Sherwood Arboretum | C151: 164 | D151: -27.530521 | E151: 152.9731 | F151: Brachychiton bidwillii | G151: Little kurrajong | H151: Sterculiaceae | I151: 5 | J151: 2 | K151: 85 | L151: 2015 | M151: NALL-CV-2257, NALL-SNV-881, NALL-WWV-2529 | N151: No | O151: =COUNTIF(Health_Assessments!$B$2:$B$5001,A151) -> 0 | P151: =IF(O151=0,"",_xlfn.MAXIFS(Health_Assessments!$C$2:$C$5001,Health_Assessments!$B$2:$B$5001,A151)) | Q151: =IF(O151=0,"",LOOKUP(2,1/((Health_Assessments!$B$2:$B$5001=A151)*(Health_Assessments!$C$2:$C$5001=P151)),Health_Assessments!$E$2:$E$5001)) | R151: =IF(O151=0,"",LOOKUP(2,1/((Health_Assessments!$B$2:$B$5001=A151)*(Health_Assessments!$C$2:$C$5001=P151)),Health_Assessments!$G$2:$G$5001)) | S151: =IF(O151=0,"",LOOKUP(2,1/((Health_Assessments!$B$2:$B$5001=A151)*(Health_Assessments!$C$2:$C$5001=P151)),Health_Assessments!$H$2:$H$5001)) | T151: =COUNTIF(Maintenance_Log!$B$2:$B$5001,A151) -> 0 | U151: =IF(T151=0,"",_xlfn.MAXIFS(Maintenance_Log!$D$2:$D$5001,Maintenance_Log!$B$2:$B$5001,A151)) | V151: =COUNTIFS(Maintenance_Log!$B$2:$B$5001,A151,Maintenance_Log!$H$2:$H$5001,"<>Completed",Maintenance_Log!$H$2:$H$5001,"<>Cancelled") -> 0
...

Sheet Health_Assessments
A1: Assessment_ID | B1: Tree_ID | C1: Assessment_Date | D1: Assessor | E1: Condition | F1: Issue_Type | G1: Risk_Rating | H1: Recommended_Outcome | I1: Council_Request_Ref | J1: Notes
A2: HA-0001 | B2: SHW-0661 | C2: 46323 | D2: EXAMPLE – replace or delete this row | E2: Fair | F2: Fallen or broken branches | G2: Medium | H2: Pruning | J2: Example: broken limb over path, crown otherwise healthy.

Sheet Maintenance_Log
A1: Work_ID | B1: Tree_ID | C1: Assessment_ID | D1: Work_Date | E1: Work_Type | F1: Clearance_Context | G1: Required_Clearance_m | H1: Status | I1: Crew_or_Contractor | J1: Council_Request_Ref | K1: Notes
A2: WK-0001 | B2: SHW-0661 | C2: HA-0001 | D2: 46323 | E2: Clearance pruning | F2: Verge or footpath | G2: =IF(F2="","",IFERROR(INDEX(Lookups!$G$2:$G$6,MATCH(F2,Lookups!$F$2:$F$6,0)),"")) -> 2.4 | H2: Scheduled | K2: EXAMPLE – replace or delete this row
G3: =IF(F3="","",IFERROR(INDEX(Lookups!$G$2:$G$6,MATCH(F3,Lookups!$F$2:$F$6,0)),""))
G4: =IF(F4="","",IFERROR(INDEX(Lookups!$G$2:$G$6,MATCH(F4,Lookups!$F$2:$F$6,0)),""))
G5: =IF(F5="","",IFERROR(INDEX(Lookups!$G$2:$G$6,MATCH(F5,Lookups!$F$2:$F$6,0)),""))
G6: =IF(F6="","",IFERROR(INDEX(Lookups!$G$2:$G$6,MATCH(F6,Lookups!$F$2:$F$6,0)),""))
G7: =IF(F7="","",IFERROR(INDEX(Lookups!$G$2:$G$6,MATCH(F7,Lookups!$F$2:$F$6,0)),""))
G8: =IF(F8="","",IFERROR(INDEX(Lookups!$G$2:$G$6,MATCH(F8,Lookups!$F$2:$F$6,0)),""))
G9: =IF(F9="","",IFERROR(INDEX(Lookups!$G$2:$G$6,MATCH(F9,Lookups!$F$2:$F$6,0)),""))
G10: =IF(F10="","",IFERROR(INDEX(Lookups!$G$2:$G$6,MATCH(F10,Lookups!$F$2:$F$6,0)),""))
G11: =IF(F11="","",IFERROR(INDEX(Lookups!$G$2:$G$6,MATCH(F11,Lookups!$F$2:$F$6,0)),""))
G12: =IF(F12="","",IFERROR(INDEX(Lookups!$G$2:$G$6,MATCH(F12,Lookups!$F$2:$F$6,0)),""))
G13: =IF(F13="","",IFERROR(INDEX(Lookups!$G$2:$G$6,MATCH(F13,Lookups!$F$2:$F$6,0)),""))
G14: =IF(F14="","",IFERROR(INDEX(Lookups!$G$2:$G$6,MATCH(F14,Lookups!$F$2:$F$6,0)),""))
... G5001: =IF(F5001="","",IFERROR(INDEX(Lookups!$G$2:$G$6,MATCH(F5001,Lookups!$F$2:$F$6,0)),""))

Sheet Protected_Areas
A1: Area_ID | B1: Layer | C1: Category | D1: Description | E1: Centroid_Latitude | F1: Centroid_Longitude | G1: Area_m2
A2: NALL-CV-1 | B2: Council Vegetation | C2: Council Vegetation | E2: -27.580837 | F2: 152.98276 | G2: 59.686035
A3: NALL-CV-2 | B3: Council Vegetation | C3: Council Vegetation | E3: -27.537139 | F3: 152.89172 | G3: 9091.6516
A4: NALL-CV-3 | B4: Council Vegetation | C4: Council Vegetation | E4: -27.571505 | F4: 152.98405 | G4: 34.599609
A5: NALL-CV-4 | B5: Council Vegetation | C5: Council Vegetation | E5: -27.498647 | F5: 153.09158 | G5: 13185.45
A6: NALL-CV-5 | B6: Council Vegetation | C6: Council Vegetation | E6: -27.623308 | F6: 153.05455 | G6: 15073.881
A7: NALL-CV-6 | B7: Council Vegetation | C7: Council Vegetation | E7: -27.558592 | F7: 153.08412 | G7: 18.307373
A8: NALL-CV-7 | B8: Council Vegetation | C8: Council Vegetation | E8: -27.547574 | F8: 152.97361 | G8: 1214.0449
A9: NALL-CV-8 | B9: Council Vegetation | C9: Council Vegetation | E9: -27.409168 | F9: 152.97279 | G9: 1207.5212
A10: NALL-CV-9 | B10: Council Vegetation | C10: Council Vegetation | E10: -27.562317 | F10: 152.97965 | G10: 2670.0796
A11: NALL-CV-10 | B11: Council Vegetation | C11: Council Vegetation | E11: -27.635439 | F11: 152.9834 | G11: 9992.5105
A12: NALL-CV-11 | B12: Council Vegetation | C12: Council Vegetation | E12: -27.598894 | F12: 153.05193 | G12: 28.505371
A13: NALL-CV-12 | B13: Council Vegetation | C13: Council Vegetation | E13: -27.503166 | F13: 152.93452 | G13: 19676.244
... A15624: CP-SLT-1740 | B15624: City Plan 2014 Significant landscape tree overlay | C15624: Significant landscape tree – vegetation protection order sub-category | E15624: -27.513436 | F15624: 152.9701 | G15624: 568.34863

Sheet Lookups
A1: Condition | B1: Issue_Type | C1: Risk_Rating | D1: Recommended_Outcome | E1: Work_Type | F1: Clearance_Context | G1: Min_Clearance_m | H1: Status
A2: Good | B2: None observed | C2: Low | D2: No action | E2: Structural pruning (young tree) | F2: Verge or footpath | G2: 2.4 | H2: Requested
A3: Fair | B3: Damaged or split | C3: Medium | D3: Pruning | E3: Clearance pruning | F3: Residential or industrial road | G3: 4.5 | H3: Scheduled
A4: Poor | B4: Leaning | C4: High | D4: Health management (tree rehabilitation) | E4: Dead or diseased wood removal | F4: Bikeway | G4: 4.5 | H4: In progress
A5: Dead | B5: Dead or dying | C5: Extreme | D5: Removal and replacement planting | E5: Pest and disease management | F5: Arterial road | G5: 5 | H5: Completed
A6: Unknown | B6: Diseased or unhealthy | E6: Storm damage clean-up | F6: Not applicable | H6: Cancelled
B7: Pests | E7: Health management (rehabilitation)
B8: Fallen or broken branches | E8: Removal
B9: Obstructing footpath, road or sign | E9: Stump grinding
B10: Imminent risk | E10: Replacement planting
B11: Storm damage | E11: Inspection only
B12: Other

Sheet Sources
A1: Dataset | B1: Used for | C1: Records | D1: URL
A2: Botanic collection — Sherwood Arboretum | B2: Tree_Register (individual trees with location) | C2: 1181 | D2: https://services2.arcgis.com/dEKgZETqwmDAh1rP/arcgis/rest/services/botanic_collection_sherwood_arboretum/FeatureServer/0
A3: Protected Vegetation (NALL 2003) — Council Vegetation | B3: Protected_Areas; register column M | C3: 5049 | D3: https://services2.arcgis.com/dEKgZETqwmDAh1rP/arcgis/rest/services/Protected_Vegetation_Natural_Assets_Local_Law_2003_Council_Vegetation/FeatureServer/0
A4: Protected Vegetation (NALL 2003) — Significant Urban Vegetation | B4: Protected_Areas; register column M | C4: 4192 | D4: https://services2.arcgis.com/dEKgZETqwmDAh1rP/arcgis/rest/services/Protected_Vegetation_Natural_Assets_Local_Law_2003_Significant_Urban_Vegetation/FeatureServer/0
A5: Protected Vegetation (NALL 2003) — Significant Native Vegetation | B5: Protected_Areas; register column M | C5: 2056 | D5: https://services2.arcgis.com/dEKgZETqwmDAh1rP/arcgis/rest/services/Protected_Vegetation_Natural_Assets_Local_Law_2003_Significant_Native_Vegetation/FeatureServer/0
A6: Protected Vegetation (NALL 2003) — Waterway and Wetland Vegetation | B6: Protected_Areas; register column M | C6: 2586 | D6: https://services2.arcgis.com/dEKgZETqwmDAh1rP/arcgis/rest/services/Protected_Vegetation_Natural_Assets_Local_Law_2003_Waterway_and_Wetland_Vegetation/FeatureServer/0
A7: City Plan 2014 Significant landscape tree overlay | B7: Protected_Areas; register column N | C7: 1740 | D7: https://services2.arcgis.com/dEKgZETqwmDAh1rP/arcgis/rest/services/Significant_landscape_tree_overlay/FeatureServer/0
A8: Brisbane trees (Council web page) | B8: Lookups: outcomes, clearances, request reasons | D8: https://www.brisbane.qld.gov.au/environment-and-water/plants--trees-and-gardening/brisbane-trees
A9: Request tree removal assessment (Council web page) | B9: Lookups: removal reasons | D9: https://www.brisbane.qld.gov.au/online-services/report-an-issue/report-it-tree-removal
